blank,0
n7942152,1
n9217230,2
n818678,3
n8430568,4
n14845743,5
n10787470,6
n8906809,7
n8212347,8
n6999647,9
n3057021,10
n10287213,11
n3790512,12
n4546855,13
n2834778,14
n4215402,15
n5598147,16
n9917593,17
n4088797,18
n10101634,19
n455599,20
n8080025,21
n8569998,22
n13742573,23
n3759954,24
n31264,25
n5624461,26
n7048000,27
n8182379,28
n7846,29
n9359803,30
n10129825,31
n9303528,32
n9246464,33
n4204081,34
n4968895,35
n2913152,36
n6267145,37
n3354903,38
n7265619,39
n14974264,40
n9605289,41
n8665504,42
n7326557,43
n10153414,44
n7574602,45
n3589791,46
n21265,47
n8649345,48
n7885223,49
n3642806,50
n7695965,51
n12102133,52
n9303008,53
n8615149,54
n8570634,55
n6134510,56
n3931044,57
n10377021,58
n6581823,59
n3221720,60
n10243137,61
n10679054,62
n9376198,63
n10804287,64
n9445566,65
n4233124,66
n29378,67
n9870926,68
n8524735,69
n10604380,70
n8679972,71
n3451798,72
n3976657,73
n99951,74
n2684,75
n2815834,76
n8266235,77
n3574816,78
n10314054,79
n19613,80
n3013718,81
n12352287,82
n12598826,83
n2773037,84
n3430551,85
n3051540,86
n2769748,87
n8426461,88
n9416076,89
n2858304,90
n9433839,91
n8613000,92
n9433442,93
n14841267,94
n3594734,95
n2942699,96
n3495039,97
n283568,98
n2084071,99
n8302724,100
n5564590,101
n3652932,102
n3814906,103
n4268969,104
n3348454,105
n4081281,106
n10203839,107
n8078020,108
n7575726,109
n2846511,110
n7248801,111
n10247358,112
n7109730,113
n6646243,114
n10084295,115
n10565667,116
n5282433,117
n3773035,118
n3443912,119
n4356056,120
n4197391,121
n2970849,122
n4334599,123
n13744044,124
n10375506,125
n2962545,126
n4409515,127
n5302499,128
n9637339,129
n4296562,130
n10599806,131
n8249038,132
n4306847,133
n3648527,134
n10768903,135
n4554684,136
n9772029,137
n4465501,138
n9290777,139
n3294048,140
n4490091,141
n3256166,142
n11501381,143
n6392660,144
n4507155,145
n10435988,146
n3792334,147
n4254777,148
n4985198,149
n8376250,150
n8497294,151
n9989502,152
n11354001,153
n3236735,154
n1320872,155
n445802,156
n28651,157
n3148920,158
n4096066,159
n8615638,160
n15267373,161
n5687958,162
n7063249,163
n7985628,164
n3167666,165
n13104059,166
n6410904,167
n4047401,168
n4981658,169
n2917964,170
n8497107,171
n9908025,172
n3513376,173
n4960277,174
n10378026,175
n3001627,176
n2958343,177
n4468005,178
n4335435,179
n4555897,180
n4409712,181
n3327234,182
n2849154,183
n4256520,184
n9827683,185
n3309808,186
n4051549,187
n10604491,188
n13984944,189
n14639921,190
n9409512,191
n10617665,192
n4251791,193
n13413294,194
n2701566,195
n10415638,196
n4307106,197
n6884097,198
n877127,199
n2772197,200
n3982060,201
n3249569,202
n9637211,203
n1321230,204
n13246332,205
n4390577,206
n3388043,207
n13650447,208
n2898711,209
n8250501,210
n6892775,211
n10605253,212
n5033046,213
n11508382,214
n10701180,215
n7390945,216
n9639237,217
n9638875,218
n3958227,219
n5565064,220
n12158443,221
n3897943,222
n9986189,223
n3071923,224
n3900750,225
n8370878,226
n3544360,227
n2843684,228
n5563770,229
n4467307,230
n7712559,231
n3467517,232
n3272010,233
n4509592,234
n4986796,235
n10665698,236
n3800933,237
n8248157,238
n15147713,239
n5563266,240
n9678009,241
n429949,242
n15098161,243
n14762846,244
n4921417,245
n433802,246
n10622053,247
n3196062,248
n7020895,249
n3365592,250
n4335886,251
n5159725,252
n10577284,253
n6482401,254
n8646902,255
n5257593,256
n4371563,257
n6746005,258
n10439851,259
n2876657,260
n724168,261
n7577374,262
n3425092,263
n11473954,264
n5084201,265
n14481080,266
n14686913,267
n10412055,268
n4371225,269
n3933529,270
n3217191,271
n2512053,272
n10770059,273
n2692232,274
n10448983,275
n4168199,276
n3116530,277
n4524313,278
n5565337,279
n4456115,280
n13480848,281
n8429052,282
n5913842,283
n9972661,284
n2374451,285
n2380745,286
n2381460,287
n522939,288
n9448361,289
n9654079,290
n10127273,291
n3030663,292
n2858044,293
n2802544,294
n480993,295
n4097866,296
n442115,297
n2850358,298
n2828884,299
n10080869,300
n3891251,301
n3662887,302
n10332385,303
n9426788,304
n9328904,305
n8644722,306
n8580134,307
n8274826,308
n10261388,309
n7111047,310
n9632518,311
n3492922,312
n13743269,313
n7309599,314
n8544419,315
n2796995,316
n2835829,317
n1167847,318
n8221897,319
n15019030,320
n4108268,321
n4536866,322
n4531873,323
n10371450,324
n4306080,325
n9232317,326
n2697759,327
n7133701,328
n2382948,329
n6433249,330
n4463983,331
n10223177,332
n8621598,333
n7461411,334
n10542761,335
n13984613,336
n4363559,337
n7352190,338
n3159640,339
n2883344,340
n9820263,341
n5244239,342
n6706676,343
n8513718,344
n10683349,345
n9641757,346
n2801938,347
n9437454,348
n10563610,349
n14881303,350
n4202417,351
n3206908,352
n3880531,353
n9225146,354
n10633450,355
n8858942,356
n797361,357
n10804406,358
n463543,359
n3558176,360
n9871364,361
n13165815,362
n6794374,363
n5558717,364
n10529965,365
n3769722,366
n7472657,367
n13809207,368
n4105893,369
n4462102,370
n9232989,371
n8215495,372
n5600637,373
n4576002,374
n3120198,375
n8613593,376
n3701640,377
n3619890,378
n3570709,379
n2730930,380
n9963320,381
n2778669,382
n10718131,383
n4341686,384
n8619620,385
n4243941,386
n458890,387
n2977936,388
n6284573,389
n5928118,390
n2747802,391
n3011521,392
n3014317,393
n10020890,394
n10679174,395
n3850245,396
n3094503,397
n4208210,398
n13768537,399
n3779370,400
n9641002,401
n2099601,402
n8625462,403
n9081213,404
n7575076,405
n7316856,406
n7573696,407
n4210723,408
n407535,409
n2756098,410
n3113657,411
n6891493,412
n9959527,413
n4350905,414
n7747607,415
n8647049,416
n3714235,417
n10353016,418
n7269758,419
n5538625,420
n7469772,421
n3549589,422
n10746931,423
n4574999,424
n3899328,425
n9460312,426
n2788021,427
n4037625,428
n7557165,429
n2916179,430
n14641397,431
n575741,432
n3595614,433
n10017272,434
n4326084,435
n9224725,436
n6881360,437
n14959939,438
n4570532,439
n7802026,440
n13983515,441
n2874214,442
n15388,443
n2777927,444
n3281145,445
n3489162,446
n3391301,447
n9411430,448
n3724870,449
n10334009,450
n2159955,451
n11665372,452
n11669921,453
n2206856,454
n3819994,455
n14064644,456
n7452074,457
n4485082,458
n7414222,459
n6879521,460
n2691156,461
n14625458,462
n3488188,463
n14882370,464
n4140064,465
n9812338,466
n8613733,467
n4205318,468
n1006675,469
n4971928,470
n6929742,471
n3763968,472
n2503517,473
n4407435,474
n8715110,475
n10768585,476
n3497657,477
n3051152,478
n2728440,479
n3648219,480
n9608002,481
n8399818,482
n1097292,483
n9685922,484
n4326896,485
n7773238,486
n13134947,487
n9637013,488
n13085864,489
n13111504,490
n5238282,491
n3106110,492
n9409203,493
n5637558,494
n10340312,495
n4225987,496
n4235291,497
n9818022,498
n4389033,499
n3760671,500
n15155220,501
n4403638,502
n9436708,503
n10426749,504
n3307037,505
n654885,506
n8505018,507
n14482620,508
n9842047,509
n4587648,510
n3978966,511
n14009946,512
n5752422,513
n3723153,514
n4417809,515
n13367070,516
n3660909,517
n3932670,518
n6392001,519
n10345100,520
n10694258,521
n7221094,522
n8322981,523
n9889539,524
n10521662,525
n2726681,526
n4370048,527
n4613555,528
n4049098,529
n9641130,530
n4412901,531
n6496499,532
n6878071,533
n7956721,534
n43902,535
n10085217,536
n523513,537
n4931267,538
n4468707,539
n3082979,540
n3748162,541
n4152829,542
n3443149,543
n8208560,544
n10618342,545
n3102654,546
n471613,547
n2946921,548
n466880,549
n10559603,550
n3372029,551
n8428485,552
n4411264,553
n3147509,554
n8438223,555
n3540595,556
n10405694,557
n8439955,558
n3782430,559
n14008806,560
n7388706,561
n10753442,562
n9634494,563
n7529817,564
n4231272,565
n3617312,566
n15167027,567
n4289027,568
n4287153,569
n9874618,570
n2879087,571
n4149374,572
n8591592,573
n13908580,574
n8063446,575
n2924116,576
n3519981,577
n8273167,578
n9614684,579
n3109486,580
n13837009,581
n5297523,582
n3928116,583
n3614007,584
n8663860,585
n2804123,586
n14764061,587
n9952539,588
n3854065,589
n2749790,590
n8188638,591
n9931165,592
n9229709,593
n7881800,594
n7927512,595
n13873502,596
n11837020,597
n10655169,598
n7860988,599
n3127925,600
n3316406,601
n7679356,602
n3875218,603
n2675657,604
n4589593,605
n10151760,606
n10036929,607
n3244388,608
n3930630,609
n4237924,610
n14498096,611
n14844693,612
n4370456,613
n929718,614
n3444601,615
n3987079,616
n3649909,617
n12143676,618
n5933246,619
n9882007,620
n8619795,621
n336654,622
n3224032,623
n5910453,624
n4509417,625
n3925226,626
n15148467,627
n15120823,628
n7929519,629
n480211,630
n8518171,631
n13846708,632
n120202,633
n6169488,634
n5254795,635
n4962784,636
n4194289,637
n3595860,638
n520257,639
n13744304,640
n7007945,641
n502415,642
n5839024,643
n3074855,644
n4568298,645
n3689157,646
n8839296,647
n10759047,648
n14024882,649
n8199025,650
n8061042,651
n582071,652
n7138085,653
n3412058,654
n7287288,655
n6393800,656
n9973072,657
n3699975,658
n13163803,659
n4349306,660
n3757138,661
n9984659,662
n2729965,663
n13583724,664
n4377057,665
n3092883,666
n5190804,667
n13887211,668
n3124170,669
n14658855,670
n4493381,671
n2727825,672
n8227214,673
n9248153,674
n3136657,675
n9337253,676
n7887192,677
n10783352,678
n4367480,679
n3963813,680
n10714465,681
n2859184,682
n2773838,683
n3511175,684
n3683606,685
n13777344,686
n2882301,687
n2882190,688
n3640589,689
n10150071,690
n6518719,691
n3534429,692
n13948136,693
n3255030,694
n3472112,695
n5026843,696
n4436185,697
n3467984,698
n4113641,699
n7272084,700
n2992529,701
n5702275,702
n7480068,703
n953559,704
n3615406,705
n10401829,706
n1902274,707
n11241300,708
n3135532,709
n10470779,710
n3807537,711
n8615374,712
n4099854,713
n4338517,714
n13947174,715
n5566504,716
n5565548,717
n334509,718
n10257948,719
n558883,720
n10153594,721
n3657511,722
n1026482,723
n4399382,724
n2380335,725
n10112591,726
n4317420,727
n9843956,728
n13932739,729
n9990904,730
n3682024,731
n11524662,732
n8559508,733
n2672831,734
n9835506,735
n5259914,736
n3363059,737
n4298171,738
n4493505,739
n3972524,740
n3899533,741
n4544979,742
n8640739,743
n3959936,744
n4063373,745
n4007894,746
n9897696,747
n7697100,748
n9963574,749
n10872287,750
n4133789,751
n3273913,752
n4358707,753
n4204347,754
n7806221,755
n3461385,756
n7965937,757
n4924103,758
n8256968,759
n6415419,760
n729108,761
n10624074,762
n3547054,763
n3672521,764
n9432060,765
n3251766,766
n3050655,767
n4188179,768
n6634376,769
n3720163,770
n2788148,771
n2782093,772
n3620889,773
n4223580,774
n3579355,775
n1896031,776
n3540090,777
n3417871,778
n3125870,779
n715674,780
n3670208,781
n8226699,782
n8653706,783
n3990474,784
n6584891,785
n10379620,786
n4373894,787
n10039569,788
n3518445,789
n7693972,790
n7635155,791
n2834397,792
n5097536,793
n2946270,794
n3375694,795
n7710616,796
n3459914,797
n2693246,798
n1118890,799
n482298,800
n8329453,801
n9884391,802
n4298308,803
n4961691,804
n10278128,805
n6532095,806
n10690648,807
n4254680,808
n14409880,809
n3100897,810
n4018399,811
n10159533,812
n8554440,813
n7886849,814
n502952,815
n10127186,816
n12111238,817
n171618,818
n6495000,819
n9934213,820
n9450163,821
n4048075,822
n8688247,823
n10187710,824
n7576438,825
n7447261,826
n2801525,827
n10402417,828
n10526096,829
n4473432,830
n2841315,831
n3788365,832
n8887238,833
n809465,834
n10013242,835
n834636,836
n8674970,837
n10318293,838
n3461288,839
n5866653,840
n5934278,841
n4037443,842
n4967191,843
n4466871,844
n884466,845
n8674563,846
n15139130,847
n3011741,848
n13384557,849
n7296428,850
n2977438,851
n3636248,852
n4584207,853
n3333610,854
n340989,855
n8256735,856
n10018021,857
n1215902,858
n478262,859
n5565696,860
n3914919,861
n14956325,862
n4746262,863
n470966,864
n433661,865
n242146,866
n3484083,867
n14799601,868
n3405725,869
n3599486,870
n6284898,871
n10034906,872
n4205759,873
n2796623,874
n9044862,875
n13939604,876
n3427296,877
n2935658,878
n7933274,879
n468480,880
n9992837,881
n9976429,882
n10566072,883
n14947807,884
n9491966,885
n3418618,886
n6605897,887
n3241335,888
n6805497,889
n1811909,890
n5301072,891
n1322604,892
n5395690,893
n14443676,894
n14992945,895
n2809364,896
n7395104,897
n14037011,898
n5261566,899
n7884567,900
n3481824,901
n4157320,902
n3727605,903
n3932203,904
n5869584,905
n14592610,906
n9304465,907
n2852523,908
n3961939,909
n4435180,910
n13750415,911
n9122542,912
n4606014,913
n7049713,914
n14820180,915
n3956922,916
n4215287,917
n4498389,918
n2437136,919
n7701244,920
n3653583,921
n9328746,922
n502822,923
n3335030,924
n134780,925
n3727837,926
n4600486,927
n8168978,928
n4228054,929
n14857151,930
n8560027,931
n3629986,932
n9936892,933
n7997703,934
n5313535,935
n4146614,936
n3336459,937
n10553235,938
n9876454,939
n10595164,940
n4497962,941
n2734217,942
n6387980,943
n4143897,944
n8853741,945
n7135734,946
n12710295,947
n14940386,948
n14906085,949
n7308889,950
n10834439,951
n14497511,952
n4930139,953
n8438533,954
n14857897,955
n14410605,956
n6504462,957
n3038685,958
n1207609,959
n9842629,960
n8524130,961
n12433081,962
n11527767,963
n3397947,964
n4199027,965
n4252331,966
n14915184,967
n3558404,968
n10641112,969
n2936714,970
n3876519,971
n7289358,972
n10773665,973
n4451818,974
n10184081,975
n3351262,976
n10391653,977
n4141573,978
n3632277,979
n4315599,980
n3137228,981
n8425303,982
n3237416,983
n7782365,984
n7781801,985
n1319467,986
n10701644,987
n568430,988
n10460286,989
n9239451,990
n10535604,991
n11428023,992
n13872072,993
n2949202,994
n8616050,995
n639556,996
n4415921,997
n13746672,998
n2798290,999
n2858179,1000
n6595351,1001
n3277771,1002
n13376512,1003
n4203705,1004
n10592397,1005
n3085219,1006
n6793426,1007
n2818832,1008
n10148035,1009
n10091651,1010
n432587,1011
n10783145,1012
n4349913,1013
n626838,1014
n13555775,1015
n10285313,1016
n6290637,1017
n8570758,1018
n410247,1019
n39297,1020
n7471037,1021
n3173387,1022
n2774152,1023
n4287898,1024
n3799710,1025
n5642678,1026
n2121620,1027
n878456,1028
n10134001,1029
n10179291,1030
n467995,1031
n10513823,1032
n8661277,1033
n7707451,1034
n7891726,1035
n8677628,1036
n2887209,1037
n3068181,1038
n2411705,1039
n8600443,1040
n2966372,1041
n10097995,1042
n11690455,1043
n14290534,1044
n9720033,1045
n14942762,1046
n8663774,1047
n4105068,1048
n3351979,1049
n6364641,1050
n10096217,1051
n9860506,1052
n4223299,1053
n10793168,1054
n2872752,1055
n7469162,1056
n8287844,1057
n3089348,1058
n4252560,1059
n10763620,1060
n7583197,1061
n5548840,1062
n4476259,1063
n7456188,1064
n2403325,1065
n3906997,1066
n13162297,1067
n8645963,1068
n2954340,1069
n13932948,1070
n2090827,1071
n5121418,1072
n928077,1073
n9536058,1074
n2896442,1075
n5096191,1076
n5690269,1077
n7352693,1078
n4118021,1079
n112312,1080
n7459249,1081
n10403876,1082
n2815071,1083
n3457902,1084
n10492727,1085
n9870208,1086
n2766534,1087
n15162388,1088
n4190464,1089
n4542858,1090
n3376279,1091
n10176111,1092
n3379828,1093
n9830629,1094
n13371760,1095
n10334567,1096
n7804323,1097
n3492250,1098
n2855089,1099
n10480253,1100
n10193864,1101
n8567877,1102
n7109196,1103
n4469514,1104
n4018667,1105
n2807731,1106
n2873839,1107
n5082507,1108
n2846399,1109
n825443,1110
n3151077,1111
n8470710,1112
n521970,1113
n4695176,1114
n6788785,1115
n2881193,1116
n1460457,1117
n3775546,1118
n2676566,1119
n2854926,1120
n3623556,1121
n12205694,1122
n3025513,1123
n935005,1124
n4087126,1125
n5949603,1126
n1503061,1127
n3945167,1128
n7961480,1129
n5868272,1130
n4128499,1131
n2981792,1132
n12339831,1133
n3445777,1134
n3447224,1135
n7344233,1136
n3570526,1137
n3416489,1138
n9896685,1139
n3485997,1140
n3524150,1141
n4093625,1142
n15203791,1143
n2887970,1144
n2786198,1145
n8651247,1146
n2815950,1147
n3570372,1148
n911048,1149
n11485367,1150
n6526619,1151
n4295881,1152
n3728437,1153
n3256032,1154
n7844042,1155
n7127006,1156
n3515644,1157
n2694426,1158
n3800563,1159
n21939,1160
n4522168,1161
n4401680,1162
n13102409,1163
n3219135,1164
n3205760,1165
n8742578,1166
n3454536,1167
n10388924,1168
n14413831,1169
n288970,1170
n10498816,1171
n15139552,1172
n10695050,1173
n562398,1174
n3540914,1175
n3841666,1176
n10226413,1177
n3940713,1178
n2882647,1179
n4285965,1180
n6709442,1181
n10497645,1182
n11383278,1183
n3479952,1184
n2984061,1185
n3864542,1186
n9913593,1187
n3320046,1188
n4162998,1189
n3586090,1190
n9927305,1191
n10033412,1192
n9233715,1193
n12301445,1194
n417859,1195
n14804487,1196
n7607605,1197
n5919263,1198
n13164881,1199
n7709333,1200
n7572712,1201
n504209,1202
n3162818,1203
n4122825,1204
n2964389,1205
n4285803,1206
n13875185,1207
n7470285,1208
n9789566,1209
n104539,1210
n10630188,1211
n2735538,1212
n795720,1213
n9397391,1214
n15105122,1215
n4272054,1216
n9898346,1217
n6780069,1218
n8358332,1219
n5562902,1220
n9977326,1221
n2229544,1222
n10219577,1223
n11503060,1224
n3891051,1225
n3207941,1226
n3046257,1227
n15159583,1228
n7363346,1229
n9379111,1230
n2922578,1231
n3419014,1232
n3722288,1233
n165942,1234
n10537018,1235
n4025350,1236
n11376069,1237
n3447593,1238
n2694182,1239
n9877856,1240
n14289504,1241
n3179701,1242
n10375314,1243
n10517137,1244
n3025755,1245
n6328643,1246
n8769645,1247
n4594218,1248
n3686924,1249
n4099969,1250
n15166191,1251
n5397333,1252
n8573472,1253
n7240549,1254
n10480730,1255
n5562595,1256
n8209687,1257
n14539268,1258
n8642145,1259
n8511241,1260
n11281555,1261
n10226993,1262
n8220534,1263
n10720197,1264
n7272807,1265
n10004282,1266
n9815790,1267
n1024547,1268
n10384610,1269
n9629752,1270
n7338358,1271
n6613686,1272
n6262567,1273
n4330340,1274
n13768440,1275
n2909870,1276
n2839910,1277
n1726692,1278
n3963645,1279
n10399491,1280
n7705711,1281
n13112664,1282
n8649067,1283
n3417345,1284
n5981768,1285
n295701,1286
n3640988,1287
n6999802,1288
n2880189,1289
n9988918,1290
n5320899,1291
n7465960,1292
n14839846,1293
n7879450,1294
n10130877,1295
n2891788,1296
n10430665,1297
n3394916,1298
n7028373,1299
n3537085,1300
n3793090,1301
n4230603,1302
n9475292,1303
n7996689,1304
n3238879,1305
n8675967,1306
n3376595,1307
n10315837,1308
n13867641,1309
n9270735,1310
n4969703,1311
n2743547,1312
n499924,1313
n8059412,1314
n14580897,1315
n5164673,1316
n2827883,1317
n4090263,1318
n3802007,1319
n10229498,1320
n5980875,1321
n464478,1322
n3899768,1323
n3550153,1324
n4187547,1325
n4577769,1326
n3505504,1327
n8568256,1328
n6255777,1329
n317207,1330
n10158608,1331
n6722453,1332
n2796412,1333
n5890249,1334
n10546633,1335
n3262349,1336
n3202354,1337
n2804252,1338
n10109662,1339
n13135832,1340
n4332243,1341
n7597365,1342
n5560787,1343
n3085602,1344
n7302836,1345
n6731802,1346
n10502576,1347
n8653873,1348
n64018,1349
n878221,1350
n13089631,1351
n10193026,1352
n1803078,1353
n1794158,1354
n8544719,1355
n447073,1356
n4362025,1357
n3873848,1358
n9862479,1359
n3876231,1360
n14521302,1361
n9120207,1362
n13979786,1363
n4543158,1364
n10078806,1365
n3322099,1366
n93483,1367
n4337157,1368
n1119250,1369
n4345288,1370
n14015148,1371
n11371254,1372
n3020563,1373
n8408418,1374
n9991530,1375
n9213565,1376
n9436444,1377
n4970059,1378
n3751757,1379
n8402147,1380
n8249207,1381
n1741943,1382
n10092488,1383
n3349771,1384
n4256891,1385
n13778671,1386
n3360300,1387
n8949737,1388
n4299370,1389
n10404672,1390
n1160342,1391
n2445715,1392
n5665146,1393
n1956481,1394
n4401088,1395
n5997361,1396
n470682,1397
n4482393,1398
n13745086,1399
n14823227,1400
n3967942,1401
n5196375,1402
n10431625,1403
n4391569,1404
n9885334,1405
n3086963,1406
n8401248,1407
n4033995,1408
n3625355,1409
n10368009,1410
n3339643,1411
n13934596,1412
n2860415,1413
n2106662,1414
n2758134,1415
n9988063,1416
n2464626,1417
n4337974,1418
n3325088,1419
n3441112,1420
n8494231,1421
n4550840,1422
n6880013,1423
n2733378,1424
n10325013,1425
n4323819,1426
n3673450,1427
n10485440,1428
n2871439,1429
n7893642,1430
n14031523,1431
n14759722,1432
n8614104,1433
n103834,1434
n4551055,1435
n3404251,1436
n10386984,1437
n3528901,1438
n475787,1439
n12582231,1440
n9476331,1441
n12648045,1442
n3089624,1443
n4190052,1444
n5865998,1445
n7614825,1446
n10696251,1447
n8285246,1448
n3617095,1449
n3387653,1450
n4603081,1451
n4141076,1452
n2412440,1453
n3313333,1454
n8229694,1455
n464894,1456
n4050410,1457
n9369169,1458
n3524574,1459
n4102162,1460
n5573602,1461
n624738,1462
n2112826,1463
n3924069,1464
n268457,1465
n4440749,1466
n4249415,1467
n3115897,1468
n6277280,1469
n2092468,1470
n3261776,1471
n3584254,1472
n6198876,1473
n10634849,1474
n9478962,1475
n3609235,1476
n14524029,1477
n3309687,1478
n10058585,1479
n9468604,1480
n284101,1481
n10053808,1482
n1663401,1483
n9999036,1484
n1670092,1485
n4502197,1486
n7466832,1487
n3394480,1488
n3287733,1489
n8633683,1490
n3785016,1491
n8920381,1492
n14837678,1493
n2715513,1494
n15082198,1495
n2776631,1496
n2836035,1497
n13902336,1498
n2775483,1499
n10675010,1500
n10411551,1501
n5323588,1502
n9767700,1503
n10380672,1504
n671351,1505
n7268302,1506
n8568579,1507
n8676622,1508
n7614500,1509
n3450230,1510
n11452218,1511
n8060446,1512
n7935737,1513
n2931148,1514
n862686,1515
n87663,1516
n5546540,1517
n8600147,1518
n13910895,1519
n7649854,1520
n7654148,1521
n3938244,1522
n3151800,1523
n3110669,1524
n2806530,1525
n3535780,1526
n10582746,1527
n2831237,1528
n959992,1529
n826397,1530
n4093223,1531
n3603442,1532
n11118362,1533
n6645039,1534
n2777292,1535
n7914887,1536
n8408557,1537
n3520493,1538
n10159289,1539
n2851939,1540
n2430045,1541
n3502042,1542
n11439690,1543
n3679712,1544
n2110958,1545
n1119850,1546
n14500819,1547
n3748886,1548
n2948072,1549
n5602548,1550
n4324387,1551
n7924834,1552
n14562324,1553
n13744916,1554
n2850552,1555
n2992211,1556
n8307589,1557
n11083656,1558
n6423619,1559
n10514429,1560
n2790996,1561
n2930766,1562
n15236859,1563
n3329663,1564
n285557,1565
n3792782,1566
n4355511,1567
n2041246,1568
n4011242,1569
n4349077,1570
n6818121,1571
n6434165,1572
n2774630,1573
n13914837,1574
n10769782,1575
n8218122,1576
n9236766,1577
n3617480,1578
n10805638,1579
n4607398,1580
n6874391,1581
n9119277,1582
n2106030,1583
n2450829,1584
n13912839,1585
n4605446,1586
n4231693,1587
n2947660,1588
n2951358,1589
n7956426,1590
n9405396,1591
n1792158,1592
n10148165,1593
n9874862,1594
n3505667,1595
n4560804,1596
n3485575,1597
n8225090,1598
n2900705,1599
n838367,1600
n12024176,1601
n11720353,1602
n10376523,1603
n1064148,1604
n9542339,1605
n3297735,1606
n13969101,1607
n5258889,1608
n3984381,1609
n3262932,1610
n10639925,1611
n4726724,1612
n1697178,1613
n466712,1614
n6239361,1615
n10142391,1616
n6784639,1617
n2937469,1618
n575365,1619
n10505942,1620
n10004539,1621
n10014939,1622
n7400156,1623
n908492,1624
n10003120,1625
n1887896,1626
n10970718,1627
n12620196,1628
n8505573,1629
n8630039,1630
n13637376,1631
n10539715,1632
n2927161,1633
n7651325,1634
n3735963,1635
n1772222,1636
n14834132,1637
n7644967,1638
n10309896,1639
n1789740,1640
n8624385,1641
n3247083,1642
n3518135,1643
n13901585,1644
n7840804,1645
n3862676,1646
n4965661,1647
n7580782,1648
n4045397,1649
n3837422,1650
n350030,1651
n9541809,1652
n3378915,1653
n7303585,1654
n2122948,1655
n2283201,1656
n436187,1657
n6734322,1658
n9388023,1659
n10550673,1660
n9616922,1661
n14145501,1662
n10521100,1663
n11669335,1664
n10193967,1665
n3484931,1666
n607775,1667
n319513,1668
n1025563,1669
n9854218,1670
n10267865,1671
n4097622,1672
n7739125,1673
n7450651,1674
n10072708,1675
n10649197,1676
n5840188,1677
n660957,1678
n5687338,1679
n11466043,1680
n8588294,1681
n5157143,1682
n9438940,1683
n14017206,1684
n4141712,1685
n3059528,1686
n7448121,1687
n11986306,1688
n5567381,1689
n4285008,1690
n7196075,1691
n2799323,1692
n2855390,1693
n4603729,1694
n7841907,1695
n478647,1696
n879759,1697
n9444100,1698
n5064037,1699
n7734017,1700
n3649674,1701
n3548533,1702
n10307234,1703
n7469476,1704
n10791221,1705
n8509111,1706
n13131883,1707
n8566028,1708
n4233405,1709
n9916348,1710
n4591631,1711
n7565161,1712
n11414257,1713
n4158250,1714
n4213353,1715
n12142085,1716
n8683286,1717
n461782,1718
n6718269,1719
n3472535,1720
n11608250,1721
n4252077,1722
n7220773,1723
n9931640,1724
n12164065,1725
n10503710,1726
n10396106,1727
n6762711,1728
n8312359,1729
n2534734,1730
n6501622,1731
n7657903,1732
n4286575,1733
n129527,1734
n8079319,1735
n4208936,1736
n278403,1737
n3315023,1738
n4395024,1739
n8647616,1740
n5682570,1741
n8518374,1742
n3593526,1743
n3647423,1744
n8584787,1745
n3379204,1746
n4326547,1747
n179916,1748
n3075768,1749
n3630383,1750
n2975412,1751
n10538518,1752
n4273569,1753
n15075298,1754
n2484322,1755
n3258730,1756
n10667477,1757
n9841188,1758
n1758510,1759
n4045941,1760
n8624891,1761
n13774311,1762
n3183080,1763
n4478657,1764
n4238128,1765
n7025900,1766
n2131653,1767
n3399240,1768
n5259512,1769
n8651735,1770
n9154178,1771
n4265535,1772
n6414372,1773
n7936548,1774
n15120346,1775
n5938795,1776
n13153633,1777
n12281241,1778
n429048,1779
n5263029,1780
n8806897,1781
n2892767,1782
n9316454,1783
n3680942,1784
n5628939,1785
n12454159,1786
n4402984,1787
n15287830,1788
n2734725,1789
n2839110,1790
n4467506,1791
n110554,1792
n11080351,1793
n111503,1794
n2925519,1795
n4947087,1796
n7965817,1797
n10333838,1798
n2932227,1799
n3346455,1800
n2933112,1801
n266806,1802
n2732072,1803
n13963192,1804
n1052372,1805
n1048697,1806
n5599617,1807
n5556943,1808
n15196537,1809
n8008017,1810
n14718822,1811
n13269186,1812
n730247,1813
n11087931,1814
n7262462,1815
n439826,1816
n3428477,1817
n10026976,1818
n2928608,1819
n2887489,1820
n4010205,1821
n4244997,1822
n14287408,1823
n6253690,1824
n13792692,1825
n12136720,1826
n7724943,1827
n8571459,1828
n4516116,1829
n2935891,1830
n10579062,1831
n8082602,1832
n889472,1833
n10710632,1834
n7785887,1835
n10318892,1836
n14820933,1837
n5581693,1838
n1172252,1839
n14500047,1840
n10019552,1841
n7841345,1842
n14705287,1843
n3475961,1844
n5516711,1845
n3603722,1846
n15119536,1847
n13265011,1848
n7486229,1849
n2726305,1850
n4557648,1851
n4139291,1852
n13744521,1853
n3676483,1854
n3888257,1855
n2931417,1856
n8247251,1857
n3847823,1858
n3721797,1859
n3455488,1860
n7623136,1861
n7631023,1862
n7168623,1863
n13100677,1864
n7608098,1865
n9280113,1866
n9393605,1867
n4072551,1868
n2403454,1869
n2403003,1870
n13094556,1871
n10914447,1872
n9257949,1873
n909386,1874
n2957008,1875
n9901143,1876
n2109525,1877
n9976283,1878
n4679738,1879
n530554,1880
n9849462,1881
n2768864,1882
n10300041,1883
n9448690,1884
n8191701,1885
n10665587,1886
n4335693,1887
n786887,1888
n2281015,1889
n10533013,1890
n9023321,1891
n3710193,1892
n4186051,1893
n8387035,1894
n3791053,1895
n4970916,1896
n37396,1897
n4599235,1898
n4548362,1899
n4799133,1900
n10150940,1901
n3145719,1902
n3404360,1903
n7134850,1904
n3418242,1905
n2953673,1906
n3262809,1907
n10780632,1908
n7619409,1909
n7609840,1910
n4515729,1911
n7464725,1912
n2920259,1913
n3655295,1914
n12144742,1915
n13369474,1916
n10334101,1917
n2378755,1918
n10083526,1919
n4561548,1920
n13747989,1921
n12455540,1922
n5129201,1923
n13659162,1924
n2795528,1925
n8183541,1926
n4446276,1927
n3131574,1928
n4108908,1929
n4091693,1930
n3726760,1931
n10536021,1932
n8569482,1933
n2764044,1934
n9644820,1935
n6259898,1936
n3346898,1937
n10602985,1938
n2689434,1939
n5081300,1940
n8632423,1941
n2139199,1942
n2926188,1943
n7455984,1944
n4836491,1945
n7693725,1946
n4206356,1947
n5555688,1948
n5606633,1949
n7874159,1950
n7873807,1951
n3952576,1952
n15052555,1953
n13861050,1954
n14806838,1955
n11508092,1956
n2787622,1957
n6314144,1958
n2816768,1959
n6778102,1960
n912733,1961
n2850732,1962
n7925966,1963
n10615179,1964
n7683786,1965
n9833651,1966
n3032252,1967
n496599,1968
n3199901,1969
n10093658,1970
n7020538,1971
n10468962,1972
n8058098,1973
n11431754,1974
n9660138,1975
n3078802,1976
n5814291,1977
n8565701,1978
n10103485,1979
n4549629,1980
n14806598,1981
n5625465,1982
n4405540,1983
n27167,1984
n7944408,1985
n8267640,1986
n9834699,1987
n528667,1988
n5669797,1989
n4160036,1990
n14864259,1991
n3201208,1992
n10292969,1993
n11443532,1994
n4576211,1995
n3256788,1996
n4062428,1997
n3135030,1998
n6998748,1999
n9643078,2000
n10772190,2001
n13878634,2002
n3483316,2003
n8437515,2004
n13152742,2005
n7041795,2006
n6328022,2007
n8360672,2008
n9622302,2009
n8619343,2010
n719705,2011
n3980874,2012
n13907272,2013
n5870365,2014
n3865557,2015
n2906734,2016
n9406793,2017
n7945657,2018
n4516672,2019
n4284002,2020
n14654954,2021
n2380875,2022
n14298815,2023
n8571898,2024
n9415584,2025
n8080386,2026
n10924231,2027
n10141590,2028
n1255302,2029
n8523483,2030
n10083358,2031
n1050356,2032
n9347779,2033
n8128837,2034
n583246,2035
n8118991,2036
n13268146,2037
n8250409,2038
n10688070,2039
n3314378,2040
n5644334,2041
n396029,2042
n8517676,2043
n14456054,2044
n6275095,2045
n9224566,2046
n2807133,2047
n835032,2048
n15210870,2049
n7047011,2050
n136329,2051
n1173038,2052
n15049096,2053
n4148054,2054
n9207288,2055
n4973291,2056
n4412416,2057
n2815600,2058
n3186399,2059
n3891538,2060
n2925901,2061
n5256862,2062
n6882561,2063
n7273024,2064
n8541288,2065
n9869009,2066
n9393108,2067
n15294085,2068
n7193596,2069
n2324045,2070
n3801533,2071
n5560244,2072
n13164763,2073
n2918831,2074
n2113335,2075
n10575787,2076
n14002279,2077
n9405787,2078
n4125853,2079
n4460130,2080
n3026626,2081
n2705201,2082
n1605630,2083
n3495258,2084
n15248564,2085
n3677026,2086
n3647872,2087
n2236241,2088
n2236355,2089
n3282060,2090
n3594945,2091
n2919414,2092
n3167464,2093
n2974219,2094
n8723006,2095
n4146050,2096
n7755411,2097
n5137165,2098
n3597469,2099
n3253886,2100
n3889726,2101
n7450842,2102
n10749528,2103
n8198137,2104
n10636340,2105
n3112099,2106
n2914813,2107
n2157557,2108
n1321579,2109
n14943580,2110
n9345932,2111
n4212282,2112
n7784367,2113
n502161,2114
n3772584,2115
n4274214,2116
n2824448,2117
n2051845,2118
n4366033,2119
n3216710,2120
n5540121,2121
n9407346,2122
n3455033,2123
n443231,2124
n10792335,2125
n10112129,2126
n3047052,2127
n1922303,2128
n8585657,2129
n2279257,2130
n1848123,2131
n2952237,2132
n8366071,2133
n459727,2134
n7265990,2135
n6806469,2136
n6874185,2137
n3974070,2138
n7776866,2139
n4297476,2140
n2355227,2141
n12267677,2142
n14883517,2143
n10722575,2144
n3503233,2145
n14409137,2146
n432881,2147
n10260800,2148
n4839555,2149
n3721590,2150
n2885663,2151
n9449510,2152
n7892813,2153
n3908204,2154
n11335041,2155
n3113152,2156
n12433429,2157
n4071263,2158
n6794110,2159
n9538915,2160
n5562249,2161
n7250339,2162
n7309781,2163
n2885462,2164
n10984257,2165
n7711080,2166
n14813182,2167
n3992703,2168
n201058,2169
n3882058,2170
n4066270,2171
n4154565,2172
n4505036,2173
n4154340,2174
n2313008,2175
n3978300,2176
n6286395,2177
n5933054,2178
n4251983,2179
n2814224,2180
n10122858,2181
n2968473,2182
n9375481,2183
n9975630,2184
n3997484,2185
n3875955,2186
n3875806,2187
n8512736,2188
n4589325,2189
n23271,2190
n172490,2191
n14515463,2192
n11283158,2193
n3640011,2194
n3525074,2195
n3944672,2196
n5076384,2197
n2008041,2198
n3638511,2199
n4534520,2200
n437788,2201
n4186455,2202
n3887603,2203
n3303965,2204
n3037709,2205
n4586932,2206
n8246613,2207
n14973133,2208
n9809749,2209
n13991823,2210
n8794366,2211
n9713357,2212
n9780249,2213
n3502331,2214
n6507041,2215
n79018,2216
n3959350,2217
n10754578,2218
n8663156,2219
n7164546,2220
n8436759,2221
n9963914,2222
n3169390,2223
n7632802,2224
n3482252,2225
n1846331,2226
n11267745,2227
n15014696,2228
n3817647,2229
n3050864,2230
n3487090,2231
n3863657,2232
n3343853,2233
n8431942,2234
n8198398,2235
n8274354,2236
n4450749,2237
n8648781,2238
n8489627,2239
n3454211,2240
n8214966,2241
n13783816,2242
n4204238,2243
n2927296,2244
n10610465,2245
n10536416,2246
n3128248,2247
n9862845,2248
n1209487,2249
n11504898,2250
n13943740,2251
n3367410,2252
n2104184,2253
n3141327,2254
n9238926,2255
n577525,2256
n10297234,2257
n3364008,2258
n11297457,2259
n7943300,2260
n5714161,2261
n11028074,2262
n1614925,2263
n10521853,2264
n13869327,2265
n4116294,2266
n7641699,2267
n11221778,2268
n11672400,2269
n9913110,2270
n1976957,2271
n6647206,2272
n4409806,2273
n7394814,2274
n428270,2275
n3691817,2276
n11978233,2277
n4061793,2278
n8629508,2279
n9813632,2280
n5098942,2281
n174412,2282
n10407726,2283
n2898585,2284
n7544491,2285
n3770679,2286
n4553389,2287
n11157422,2288
n7350893,2289
n8309086,2290
n3969627,2291
n4546194,2292
n3838298,2293
n3211789,2294
n5565192,2295
n7629988,2296
n2821627,2297
n3285912,2298
n13415381,2299
n4563560,2300
n13916721,2301
n1032368,2302
n9857200,2303
n3436891,2304
n5125377,2305
n4179913,2306
n2944579,2307
n629597,2308
n9886540,2309
n9937056,2310
n4395106,2311
n9361517,2312
n11515734,2313
n2897820,2314
n10019888,2315
n3428805,2316
n4368949,2317
n2725872,2318
n2826259,2319
n3404449,2320
n2096585,2321
n2108672,2322
n3018712,2323
n7274197,2324
n3663531,2325
n10638922,2326
n4495843,2327
n8633957,2328
n3049695,2329
n7581607,2330
n14597758,2331
n5216365,2332
n7605040,2333
n7556637,2334
n2800497,2335
n3412220,2336
n7600696,2337
n11326730,2338
n3511426,2339
n8397255,2340
n10059582,2341
n7324917,2342
n7460104,2343
n7278256,2344
n6816106,2345
n3661340,2346
n7571324,2347
n8615810,2348
n13661273,2349
n857424,2350
n9313716,2351
n3594523,2352
n15225526,2353
n4370774,2354
n10435367,2355
n2847009,2356
n2153109,2357
n4435653,2358
n8180639,2359
n10356066,2360
n7365849,2361
n2213788,2362
n1041968,2363
n4459362,2364
n4270147,2365
n3805725,2366
n2101108,2367
n5602835,2368
n6489659,2369
n2875013,2370
n3995535,2371
n132355,2372
n3605598,2373
n945401,2374
n3613294,2375
n511555,2376
n3030035,2377
n7699584,2378
n477986,2379
n9615807,2380
n767633,2381
n5989479,2382
n8651832,2383
n14493145,2384
n3548402,2385
n11509066,2386
n7474645,2387
n1114824,2388
n3131967,2389
n6627260,2390
n6413889,2391
n6492939,2392
n657604,2393
n4565375,2394
n15166462,2395
n11426530,2396
n3043958,2397
n3665924,2398
n3033362,2399
n8389572,2400
n3091374,2401
n8598301,2402
n6367879,2403
n3399677,2404
n9923673,2405
n3168217,2406
n13886133,2407
n14975779,2408
n3352628,2409
n488225,2410
n4580126,2411
n3351768,2412
n4565233,2413
n3930313,2414
n4620216,2415
n3684823,2416
n15298995,2417
n4380143,2418
n10608188,2419
n3029603,2420
n5559256,2421
n7958294,2422
n843494,2423
n9893191,2424
n9214269,2425
n1049685,2426
n3354613,2427
n3667380,2428
n9613191,2429
n10284064,2430
n7653311,2431
n7273136,2432
n6371267,2433
n10291240,2434
n3920867,2435
n3386011,2436
n7745940,2437
n3512147,2438
n4434932,2439
n6597349,2440
n8388074,2441
n14513944,2442
n4145056,2443
n2844214,2444
n4228693,2445
n10136959,2446
n4545305,2447
n3779621,2448
n11939491,2449
n3141823,2450
n239024,2451
n4371430,2452
n3254374,2453
n3900509,2454
n3063968,2455
n14432389,2456
n434075,2457
n4544626,2458
n10142747,2459
n75912,2460
n2778456,2461
n10241300,2462
n10366966,2463
n4235860,2464
n9889941,2465
n12933403,2466
n9567767,2467
n7615671,2468
n13749778,2469
n2104523,2470
n5584928,2471
n996969,2472
n3329302,2473
n7342772,2474
n15169248,2475
n8613345,2476
n8431437,2477
n7849336,2478
n3939178,2479
n11458314,2480
n7387509,2481
n14802450,2482
n3261603,2483
n4313503,2484
n11422597,2485
n3359137,2486
n3463381,2487
n6277135,2488
n5311054,2489
n8651104,2490
n2763901,2491
n10182913,2492
n4953380,2493
n3721384,2494
n3915437,2495
n10801697,2496
n9879144,2497
n2881757,2498
n10502329,2499
n10519494,2500
n7470420,2501
n13748246,2502
n2416880,2503
n2416519,2504
n138221,2505
n7228751,2506
n10718040,2507
n15292829,2508
n9195615,2509
n2419796,2510
n3560430,2511
n9716047,2512
n10137825,2513
n9765278,2514
n9801864,2515
n8308497,2516
n5898568,2517
n8553535,2518
n2991711,2519
n7401960,2520
n9645091,2521
n13983304,2522
n10372373,2523
n8425777,2524
n6431740,2525
n5305806,2526
n2956883,2527
n3503908,2528
n4534651,2529
n7282006,2530
n7509996,2531
n3400231,2532
n10655875,2533
n9319456,2534
n10655594,2535
n2701002,2536
n7344663,2537
n5481095,2538
n3494278,2539
n3239726,2540
n3145522,2541
n10689878,2542
n4039381,2543
n4207343,2544
n3201776,2545
n6272803,2546
n5814650,2547
n7675627,2548
n7945077,2549
n9617292,2550
n4610013,2551
n10242682,2552
n487228,2553
n10763383,2554
n4701267,2555
n2931294,2556
n15244650,2557
n11446459,2558
n14562683,2559
n10298647,2560
n644503,2561
n8299911,2562
n8276720,2563
n13285176,2564
n13250048,2565
n7348545,2566
n15055181,2567
n9617867,2568
n3306610,2569
n189565,2570
n308370,2571
n15237782,2572
n3132076,2573
n2386141,2574
n2949542,2575
n9439120,2576
n4590263,2577
n9415671,2578
n13746512,2579
n4592099,2580
n6356515,2581
n10165448,2582
n9859684,2583
n10735984,2584
n10538272,2585
n10975304,2586
n6099269,2587
n4020298,2588
n3950359,2589
n2970408,2590
n6421685,2591
n9834592,2592
n12244153,2593
n13289159,2594
n3000684,2595
n8394922,2596
n2823510,2597
n8552138,2598
n4123740,2599
n2814428,2600
n3031152,2601
n4366367,2602
n6688751,2603
n6691989,2604
n10438619,2605
n3364156,2606
n4381302,2607
n2793495,2608
n9770949,2609
n7639069,2610
n4344246,2611
n13107891,2612
n8539072,2613
n4028764,2614
n3389889,2615
n3971218,2616
n11263803,2617
n7923297,2618
n9928451,2619
n9179264,2620
n5181078,2621
n8700255,2622
n3874965,2623
n442981,2624
n2797295,2625
n3715892,2626
n7262108,2627
n1023820,2628
n2869837,2629
n5578442,2630
n4596742,2631
n4167759,2632
n2980441,2633
n8628921,2634
n4525305,2635
n162632,2636
n10352299,2637
n4204619,2638
n9735113,2639
n14685768,2640
n15044844,2641
n4340521,2642
n10676018,2643
n13154077,2644
n6788565,2645
n7409592,2646
n14586258,2647
n5701363,2648
n9883362,2649
n15039445,2650
n8432345,2651
n1248191,2652
n6620579,2653
n3731164,2654
n3877674,2655
n7219636,2656
n10338707,2657
n13780719,2658
n10140314,2659
n14406303,2660
n2402425,2661
n5737153,2662
n4812871,2663
n7742704,2664
n9233446,2665
n3040376,2666
n3870461,2667
n9429387,2668
n7457126,2669
n10757193,2670
n8724726,2671
n2408429,2672
n3188531,2673
n1079396,2674
n10543161,2675
n1944390,2676
n3953416,2677
n4374735,2678
n3216080,2679
n2944826,2680
n10560637,2681
n4565039,2682
n14698884,2683
n7850329,2684
n3173929,2685
n5064827,2686
n13745270,2687
n3368352,2688
n13005329,2689
n5845888,2690
n10782940,2691
n10708797,2692
n10721321,2693
n4598010,2694
n4251701,2695
n3107488,2696
n5577410,2697
n7924366,2698
n7923748,2699
n7651159,2700
n5584265,2701
n660783,2702
n4131113,2703
n3324928,2704
n3550289,2705
n8189211,2706
n3699591,2707
n14535431,2708
n4206225,2709
n8114861,2710
n10093818,2711
n7620822,2712
n7680932,2713
n8970064,2714
n8079852,2715
n8645104,2716
n10522633,2717
n3789014,2718
n14854847,2719
n4405907,2720
n9606009,2721
n3223686,2722
n7351909,2723
n3963982,2724
n7450229,2725
n10185793,2726
n3786715,2727
n2916684,2728
n7197021,2729
n7471246,2730
n13869991,2731
n10065547,2732
n2814860,2733
n6858674,2734
n3140292,2735
n3290771,2736
n3485794,2737
n2739668,2738
n11299212,2739
n13382471,2740
n9726499,2741
n4458633,2742
n4255586,2743
n14483917,2744
n7672914,2745
n6210363,2746
n10176475,2747
n11525955,2748
n519492,2749
n10225219,2750
n2190166,2751
n3066849,2752
n8616311,2753
n4038727,2754
n3965456,2755
n14444326,2756
n9861395,2757
n2274259,2758
n8614229,2759
n2780916,2760
n2799593,2761
n3239054,2762
n6277803,2763
n10870235,2764
n4304557,2765
n3878066,2766
n2686568,2767
n9279986,2768
n4582349,2769
n10462860,2770
n7292694,2771
n14326607,2772
n15101723,2773
n8407839,2774
n7417405,2775
n9927451,2776
n7991364,2777
n10453533,2778
n9922485,2779
n1577265,2780
n7243837,2781
n6966825,2782
n6403969,2783
n5940414,2784
n13290676,2785
n3266906,2786
n3162080,2787
n5821775,2788
n7622061,2789
n2087551,2790
n9853541,2791
n5283498,2792
n123783,2793
n4452615,2794
n10786033,2795
n10642596,2796
n3425325,2797
n858377,2798
n7712856,2799
n4540153,2800
n1170962,2801
n7379695,2802
n3086580,2803
n3504723,2804
n2447366,2805
n8217302,2806
n3733131,2807
n7625493,2808
n4194127,2809
n3931651,2810
n3993053,2811
n10120533,2812
n964343,2813
n3941231,2814
n2769290,2815
n9936215,2816
n12905817,2817
n745637,2818
n3014705,2819
n9973422,2820
n2808440,2821
n4591713,2822
n4233715,2823
n8237863,2824
n10294602,2825
n3619650,2826
n2377703,2827
n4156946,2828
n257969,2829
n4156140,2830
n12167075,2831
n3098140,2832
n7167578,2833
n859691,2834
n110964,2835
n7975026,2836
n6618822,2837
n4222210,2838
n9885145,2839
n3666591,2840
n1899746,2841
n5868954,2842
n9453008,2843
n11292105,2844
n6701596,2845
n3801760,2846
n14519366,2847
n3965907,2848
n9623038,2849
n7034409,2850
n1318894,2851
n10493685,2852
n15181282,2853
n5010801,2854
n8432714,2855
n13851067,2856
n2472987,2857
n2846733,2858
n3620967,2859
n6327870,2860
n5690684,2861
n1616318,2862
n554850,2863
n844254,2864
n9362820,2865
n7917392,2866
n39916,2867
n9443453,2868
n10385707,2869
n6396644,2870
n4387400,2871
n1698434,2872
n4956594,2873
n4313771,2874
n12434239,2875
n12441183,2876
n3525454,2877
n6793959,2878
n5119714,2879
n10549763,2880
n7758680,2881
n3258905,2882
n5567217,2883
n11318171,2884
n9403427,2885
n9834159,2886
n4955160,2887
n8083320,2888
n9661731,2889
n1210439,2890
n9270894,2891
n4008385,2892
n2799175,2893
n3935116,2894
n9442595,2895
n8253450,2896
n12780563,2897
n6508816,2898
n4391276,2899
n4390977,2900
n2595702,2901
n10433164,2902
n15061550,2903
n3099274,2904
n4210390,2905
n486670,2906
n7829412,2907
n8645033,2908
n4572344,2909
n3239607,2910
n453935,2911
n114431,2912
n4474466,2913
n7044760,2914
n3682487,2915
n10833425,2916
n3923379,2917
n9284015,2918
n2106166,2919
n3533014,2920
n4462011,2921
n10674713,2922
n3432972,2923
n3542333,2924
n9461170,2925
n4356595,2926
n13948654,2927
n9980658,2928
n13744722,2929
n2901114,2930
n4487394,2931
n6688522,2932
n6355459,2933
n7686873,2934
n2970685,2935
n4258859,2936
n13359690,2937
n13846199,2938
n13711060,2939
n14437386,2940
n13939353,2941
n4443433,2942
n9189411,2943
n8407619,2944
n6566077,2945
n10802283,2946
n5316025,2947
n2330245,2948
n3679986,2949
n4632157,2950
n10598641,2951
n9625401,2952
n3549199,2953
n7308450,2954
n9682291,2955
n6642138,2956
n6791372,2957
n9403734,2958
n4103206,2959
n10040344,2960
n12414602,2961
n8766988,2962
n3822656,2963
n6976392,2964
n4445040,2965
n2813399,2966
n3100346,2967
n7915918,2968
n3532919,2969
n344421,2970
n3200701,2971
n3031957,2972
n658082,2973
n4014297,2974
n137709,2975
n4590553,2976
n6043075,2977
n3816394,2978
n4376876,2979
n2164464,2980
n9960545,2981
n4057047,2982
n14016361,2983
n4116098,2984
n13136556,2985
n8050678,2986
n3885028,2987
n8550076,2988
n9448945,2989
n2386496,2990
n3122295,2991
n10560106,2992
n10143172,2993
n14632444,2994
n3626115,2995
n954311,2996
n6815714,2997
n7911677,2998
n9396712,2999
n9874518,3000
n14760696,3001
n13887509,3002
n7270179,3003
n10516016,3004
n4049405,3005
n5667613,3006
n885457,3007
n14311977,3008
n8981244,3009
n2704792,3010
n7615774,3011
n8580583,3012
n13108841,3013
n4652345,3014
n15165490,3015
n4037873,3016
n3768346,3017
n3504205,3018
n4525038,3019
n13927383,3020
n11231157,3021
n8113073,3022
n9901642,3023
n4453156,3024
n7301950,3025
n9924742,3026
n9332890,3027
n5899087,3028
n10730416,3029
n7218470,3030
n659048,3031
n7304753,3032
n9114696,3033
n2581957,3034
n1243674,3035
n503237,3036
n1072402,3037
n2099029,3038
n1855672,3039
n1847978,3040
n4314216,3041
n5938976,3042
n3647520,3043
n4099429,3044
n3458271,3045
n15147097,3046
n9620794,3047
n254769,3048
n3969259,3049
n14299070,3050
n2869737,3051
n3148324,3052
n8241512,3053
n4426788,3054
n11058436,3055
n4434780,3056
n1887474,3057
n9289331,3058
n3842012,3059
n2963821,3060
n12587803,3061
n5844105,3062
n4757350,3063
n2802215,3064
n4187061,3065
n6615458,3066
n13654889,3067
n7303335,3068
n7019633,3069
n13943968,3070
n7202579,3071
n4477387,3072
n5769471,3073
n3503997,3074
n3278248,3075
n10223459,3076
n7152259,3077
n7576577,3078
n10704712,3079
n15262921,3080
n4813066,3081
n13301715,3082
n1677366,3083
n7219530,3084
n7947255,3085
n13621660,3086
n4191595,3087
n7370410,3088
n7003119,3089
n7959943,3090
n9215664,3091
n7301336,3092
n14423870,3093
n3947888,3094
n2880393,3095
n446980,3096
n9805324,3097
n8063836,3098
n9626238,3099
n728641,3100
n2689274,3101
n10605375,3102
n4070727,3103
n1397497,3104
n8662914,3105
n9222051,3106
n6630852,3107
n13270038,3108
n12415089,3109
n9627263,3110
n4417180,3111
n14870078,3112
n13286524,3113
n2404186,3114
n4311174,3115
n3325941,3116
n7428954,3117
n8671644,3118
n3045228,3119
n8216295,3120
n4225729,3121
n9945905,3122
n6591815,3123
n5534333,3124
n12607456,3125
n13661820,3126
n2088238,3127
n8060193,3128
n4314914,3129
n13619764,3130
n7145314,3131
n3446528,3132
n466377,3133
n3076104,3134
n15043308,3135
n56311,3136
n11484375,3137
n13786413,3138
n10027246,3139
n10145081,3140
n3325584,3141
n9878275,3142
n1858441,3143
n4108822,3144
n8428756,3145
n5140793,3146
n7405893,3147
n10012989,3148
n4179271,3149
n3918480,3150
n13620871,3151
n2129165,3152
n14814616,3153
n15050011,3154
n5849789,3155
n5307091,3156
n13923219,3157
n2109811,3158
n10115946,3159
n2836607,3160
n6481320,3161
n12145477,3162
n14933314,3163
n9428628,3164
n7594511,3165
n2021795,3166
n2723754,3167
n3931765,3168
n10841657,3169
n5159123,3170
n7508806,3171
n9620078,3172
n840517,3173
n4357314,3174
n6254669,3175
n11091545,3176
n2705944,3177
n8460585,3178
n15147850,3179
n3580615,3180
n3436417,3181
n4100174,3182
n804271,3183
n7475107,3184
n3417042,3185
n9813351,3186
n7051185,3187
n7859284,3188
n7703333,3189
n15097209,3190
n3541091,3191
n4192858,3192
n4508949,3193
n10741590,3194
n13344804,3195
n3210683,3196
n7951464,3197
n3791235,3198
n3180011,3199
n6664594,3200
n2950256,3201
n8222203,3202
n10217436,3203
n7863374,3204
n3633091,3205
n6505517,3206
n6678302,3207
n8860123,3208
n878648,3209
n2452464,3210
n6780678,3211
n10182190,3212
n5833840,3213
n10004019,3214
n4136161,3215
n3603594,3216
n4048568,3217
n10491136,3218
n9877951,3219
n7943870,3220
n4956110,3221
n10147710,3222
n2975212,3223
n10548537,3224
n7283198,3225
n3399852,3226
n5870180,3227
n973077,3228
n11226614,3229
n413239,3230
n755500,3231
n3041449,3232
n10267311,3233
n4253437,3234
n7015242,3235
n6632097,3236
n12260799,3237
n10048218,3238
n3356982,3239
n12739801,3240
n477392,3241
n9738708,3242
n9381242,3243
n5945642,3244
n11752578,3245
n3153948,3246
n14911704,3247
n4105704,3248
n2883205,3249
n6023821,3250
n2480855,3251
n13865298,3252
n14856263,3253
n2964634,3254
n13813898,3255
n8510169,3256
n14997012,3257
n3610270,3258
n11482706,3259
n7402519,3260
n9836519,3261
n3063338,3262
n9762509,3263
n3929952,3264
n13769317,3265
n7463470,3266
n2816656,3267
n15119919,3268
n3425413,3269
n14875077,3270
n2715229,3271
n12147539,3272
n5768252,3273
n10523076,3274
n6688913,3275
n4971820,3276
n4037076,3277
n4219424,3278
n868196,3279
n2917377,3280
n3743279,3281
n7792725,3282
n3342015,3283
n7971023,3284
n311809,3285
n8516260,3286
n4135118,3287
n3302671,3288
n4542715,3289
n3874487,3290
n4517823,3291
n7391240,3292
n14413265,3293
n2113799,3294
n10991936,3295
n7569106,3296
n10689784,3297
n9445008,3298
n11472699,3299
n7464083,3300
n10677713,3301
n8008335,3302
n13131516,3303
n6892979,3304
n4080833,3305
n1816887,3306
n7738224,3307
n3980478,3308
n7640203,3309
n9847010,3310
n5200169,3311
n13763626,3312
n14918994,3313
n306426,3314
n319939,3315
n11876803,3316
n7713895,3317
n7508996,3318
n7123012,3319
n9227839,3320
n8941426,3321
n13951629,3322
n12641413,3323
n5853820,3324
n9612848,3325
n7871234,3326
n14642417,3327
n11454591,3328
n9899289,3329
n1106808,3330
n8478371,3331
n13746785,3332
n7787980,3333
n3776460,3334
n4065272,3335
n6061631,3336
n5314919,3337
n3724066,3338
n15282696,3339
n8873622,3340
n10560352,3341
n4981941,3342
n10661002,3343
n5174653,3344
n515952,3345
n4319937,3346
n4592962,3347
n4432203,3348
n10466387,3349
n948868,3350
n8652376,3351
n5144079,3352
n4074963,3353
n4501947,3354
n10151570,3355
n2912065,3356
n4381587,3357
n3498962,3358
n6407094,3359
n2055803,3360
n15250178,3361
n3176763,3362
n131608,3363
n7210225,3364
n3263076,3365
n3320519,3366
n10435041,3367
n11455695,3368
n4329477,3369
n10377291,3370
n15121302,3371
n8458912,3372
n7989373,3373
n9302616,3374
n3889871,3375
n2885108,3376
n4021798,3377
n7921455,3378
n10120330,3379
n11144604,3380
n7272920,3381
n3200231,3382
n2823428,3383
n10387324,3384
n3705379,3385
n3322836,3386
n480508,3387
n8740875,3388
n10139077,3389
n2926288,3390
n2092339,3391
n5399847,3392
n3430091,3393
n1956764,3394
n918383,3395
n6470922,3396
n181781,3397
n7955057,3398
n7046543,3399
n8247021,3400
n10098245,3401
n3202123,3402
n8244062,3403
n13850304,3404
n12786836,3405
n5261894,3406
n8988333,3407
n7866723,3408
n7867021,3409
n3197337,3410
n13619475,3411
n344942,3412
n7007171,3413
n13982357,3414
n8426111,3415
n6633692,3416
n10660883,3417
n2089232,3418
n3217333,3419
n7626174,3420
n7511733,3421
n7749582,3422
n3494537,3423
n878328,3424
n4584056,3425
n499263,3426
n10749123,3427
n4384593,3428
n13854649,3429
n3993180,3430
n3002341,3431
n8517825,3432
n1579028,3433
n3615037,3434
n10141109,3435
n4402449,3436
n7236466,3437
n8571275,3438
n3157348,3439
n7993526,3440
n3671272,3441
n3064758,3442
n1674464,3443
n1661091,3444
n6877078,3445
n3542860,3446
n296585,3447
n4578934,3448
n441824,3449
n3605233,3450
n12006930,3451
n2452014,3452
n10271677,3453
n2062744,3454
n2071294,3455
n8652717,3456
n3480719,3457
n8813264,3458
n7241837,3459
n13872822,3460
n5196582,3461
n13970236,3462
n294452,3463
n10229883,3464
n2943871,3465
n9891470,3466
n3953020,3467
n8355692,3468
n9428293,3469
n2840361,3470
n6470073,3471
n3864356,3472
n13748367,3473
n10468559,3474
n4570118,3475
n3490119,3476
n3219732,3477
n6200929,3478
n2770211,3479
n817680,3480
n4115802,3481
n3871371,3482
n6674542,3483
n6598030,3484
n8654127,3485
n4064401,3486
n3656484,3487
n10295190,3488
n486358,3489
n4298661,3490
n8146782,3491
n10191802,3492
n9463919,3493
n7574426,3494
n5640729,3495
n7575984,3496
n10432189,3497
n6564387,3498
n5260380,3499
n3598646,3500
n128638,3501
n3859717,3502
n4164406,3503
n564373,3504
n7882497,3505
n6726158,3506
n565302,3507
n3121897,3508
n7855510,3509
n4506289,3510
n10709529,3511
n3995372,3512
n10311243,3513
n461611,3514
n3454442,3515
n3891332,3516
n3754295,3517
n6977610,3518
n8504594,3519
n5917328,3520
n7037465,3521
n5076472,3522
n3948459,3523
n10375214,3524
n8276539,3525
n577357,3526
n10610333,3527
n451563,3528
n13308147,3529
n5289297,3530
n3437941,3531
n7473441,3532
n4333129,3533
n12641796,3534
n7601999,3535
n4270891,3536
n14589223,3537
n10518602,3538
n3964495,3539
n3226880,3540
n2109961,3541
n4515991,3542
n3063599,3543
n3063073,3544
n7630294,3545
n3655072,3546
n11508578,3547
n10688238,3548
n4490490,3549
n5556595,3550
n9456207,3551
n3445924,3552
n4564581,3553
n2114855,3554
n8047890,3555
n15237044,3556
n7288639,3557
n3547658,3558
n770997,3559
n4279462,3560
n3904433,3561
n2811350,3562
n9053947,3563
n4197235,3564
n3502509,3565
n501870,3566
n499477,3567
n10097705,3568
n9092497,3569
n8286163,3570
n4752859,3571
n5131902,3572
n4360798,3573
n4136510,3574
n4877938,3575
n7453063,3576
n5981230,3577
n10220486,3578
n4952570,3579
n3905208,3580
n2763472,3581
n8068597,3582
n3044418,3583
n10189776,3584
n7527352,3585
n485081,3586
n14760447,3587
n1695060,3588
n10276045,3589
n14939900,3590
n6037666,3591
n7901587,3592
n3214253,3593
n14436667,3594
n10759331,3595
n1456756,3596
n10369528,3597
n7544647,3598
n7480896,3599
n428000,3600
n6776138,3601
n8070465,3602
n217499,3603
n5449268,3604
n5822239,3605
n2279972,3606
n2959942,3607
n4433585,3608
n10279018,3609
n4209811,3610
n8191230,3611
n551913,3612
n7509572,3613
n6282651,3614
n3967562,3615
n2922798,3616
n7185076,3617
n9358358,3618
n2132320,3619
n9636339,3620
n7832902,3621
n3469903,3622
n3445472,3623
n7621388,3624
n7626405,3625
n2963159,3626
n297532,3627
n3114504,3628
n13747199,3629
n6608525,3630
n4490730,3631
n8507381,3632
n4129766,3633
n3688605,3634
n6209770,3635
n3364937,3636
n7924033,3637
n1208460,3638
n10664340,3639
n3020416,3640
n2133704,3641
n6405699,3642
n8279298,3643
n4147364,3644
n3500389,3645
n10462429,3646
n13855627,3647
n2107142,3648
n2433925,3649
n3219483,3650
n3005285,3651
n3383646,3652
n1610955,3653
n2329401,3654
n10470460,3655
n3380724,3656
n5600109,3657
n8168367,3658
n8900535,3659
n15137676,3660
n1170502,3661
n825773,3662
n13743605,3663
n4230387,3664
n440747,3665
n4974575,3666
n3612814,3667
n4065789,3668
n3014440,3669
n13350875,3670
n8620763,3671
n8372411,3672
n11545714,3673
n6271288,3674
n10105733,3675
n3558007,3676
n11190183,3677
n3415486,3678
n4127904,3679
n5682950,3680
n3543394,3681
n3122073,3682
n8615926,3683
n887544,3684
n9870096,3685
n2008796,3686
n8617963,3687
n10474064,3688
n11427241,3689
n9062184,3690
n4118538,3691
n10167361,3692
n3039827,3693
n7695742,3694
n7266178,3695
n3147280,3696
n3881893,3697
n10623650,3698
n7621776,3699
n7867883,3700
n7938773,3701
n4321238,3702
n2897237,3703
n9839515,3704
n10109443,3705
n7360957,3706
n7508486,3707
n7314427,3708
n8489497,3709
n3998194,3710
n1028655,3711
n10553402,3712
n10815113,3713
n897026,3714
n6632511,3715
n4150668,3716
n8619524,3717
n4438304,3718
n9281411,3719
n5132045,3720
n9882615,3721
n3452741,3722
n4075916,3723
n7314658,3724
n7011209,3725
n5393023,3726
n5556325,3727
n2831595,3728
n3696909,3729
n3430959,3730
n3788195,3731
n9291027,3732
n3975926,3733
n290579,3734
n4201845,3735
n4275548,3736
n9282724,3737
n4607869,3738
n7369604,3739
n6495328,3740
n8188235,3741
n9863620,3742
n1845132,3743
n15020107,3744
n15004501,3745
n9258715,3746
n4267870,3747
n41899,3748
n10476086,3749
n2579928,3750
n10695192,3751
n7051975,3752
n212065,3753
n4479046,3754
n2317335,3755
n4552348,3756
n14785941,3757
n10576071,3758
n533691,3759
n4304680,3760
n10492447,3761
n5245192,3762
n3895585,3763
n2747177,3764
n4952242,3765
n9821831,3766
n10772392,3767
n9832633,3768
n13862644,3769
n10563183,3770
n4183516,3771
n12088223,3772
n10451263,3773
n2510455,3774
n10615584,3775
n5704694,3776
n3460040,3777
n3288225,3778
n3523633,3779
n3175189,3780
n2803666,3781
n13874251,3782
n6651577,3783
n7049055,3784
n10580772,3785
n8214470,3786
n14418822,3787
n14636822,3788
n14633957,3789
n10449412,3790
n1129920,3791
n8166552,3792
n3884397,3793
n7585208,3794
n3539546,3795
n8427629,3796
n151497,3797
n2112018,3798
n12822115,3799
n7697313,3800
n9121230,3801
n9475925,3802
n3884072,3803
n9472597,3804
n10230580,3805
n6100236,3806
n5640339,3807
n329468,3808
n3887066,3809
n4046172,3810
n9225943,3811
n8287436,3812
n17222,3813
n5267345,3814
n2123045,3815
n2443346,3816
n3863108,3817
n9296121,3818
n10775128,3819
n4981139,3820
n11878283,3821
n10159434,3822
n3560161,3823
n6879766,3824
n10585976,3825
n7911371,3826
n5555473,3827
n13771828,3828
n7432559,3829
n3731695,3830
n15257829,3831
n7987380,3832
n3623198,3833
n10689564,3834
n3052464,3835
n8101410,3836
n10179649,3837
n4073547,3838
n2912557,3839
n13791389,3840
n9841696,3841
n6506191,3842
n4501550,3843
n10341343,3844
n9733333,3845
n3966976,3846
n2770293,3847
n10744544,3848
n3249956,3849
n5931512,3850
n3543603,3851
n3701391,3852
n8600618,3853
n7469609,3854
n10687231,3855
n941974,3856
n8554040,3857
n3112869,3858
n4180229,3859
n7783550,3860
n4289195,3861
n4340019,3862
n5579239,3863
n2871147,3864
n10162991,3865
n7580359,3866
n9494388,3867
n2879309,3868
n6947032,3869
n6420678,3870
n7566340,3871
n8640300,3872
n3733281,3873
n2822220,3874
n11517656,3875
n2454379,3876
n14524849,3877
n7392280,3878
n4618070,3879
n7867324,3880
n3232309,3881
n13759014,3882
n11509570,3883
n5792192,3884
n9055015,3885
n3770439,3886
n7002599,3887
n5079866,3888
n3900979,3889
n8551177,3890
n7294423,3891
n11157580,3892
n2761392,3893
n8654360,3894
n11620673,3895
n8751494,3896
n13358549,3897
n1090446,3898
n9700253,3899
n9036452,3900
n1027859,3901
n4465933,3902
n7882886,3903
n7846143,3904
n13381734,3905
n3983396,3906
n3040587,3907
n5808218,3908
n10356344,3909
n572838,3910
n6333653,3911
n14537054,3912
n10398176,3913
n6358900,3914
n51192,3915
n7290905,3916
n8640962,3917
n5094424,3918
n7370671,3919
n3615563,3920
n13773047,3921
n12392070,3922
n7949463,3923
n263000,3924
n5924920,3925
n14513489,3926
n2390101,3927
n3138344,3928
n3149531,3929
n3508101,3930
n5584486,3931
n3885535,3932
n3451473,3933
n6478582,3934
n2918964,3935
n128976,3936
n448872,3937
n448466,3938
n8254876,3939
n6596364,3940
n8289841,3941
n7574504,3942
n6407733,3943
n3234164,3944
n2690809,3945
n4009801,3946
n9493562,3947
n9495962,3948
n4546340,3949
n288671,3950
n15280497,3951
n14325437,3952
n5258743,3953
n9422190,3954
n10702781,3955
n4166281,3956
n3717447,3957
n4179126,3958
n9214760,3959
n13109733,3960
n9774783,3961
n3088164,3962
n3254189,3963
n3556679,3964
n11443173,3965
n4536038,3966
n8110373,3967
n4469813,3968
n4082710,3969
n3355925,3970
n518039,3971
n8250302,3972
n3378005,3973
n2861147,3974
n5999797,3975
n5695232,3976
n3016389,3977
n7519773,3978
n2870880,3979
n3793489,3980
n2709367,3981
n2779845,3982
n6742426,3983
n9805475,3984
n5800998,3985
n4125021,3986
n5262185,3987
n6627450,3988
n9891300,3989
n8400331,3990
n10398487,3991
n874977,3992
n142361,3993
n14652104,3994
n3739693,3995
n9637512,3996
n11519450,3997
n4440210,3998
n4538878,3999
n15267536,4000
n2885882,4001
n7510348,4002
n9911226,4003
n3039947,4004
n4069276,4005
n7598256,4006
n7603511,4007
n656292,4008
n7712382,4009
n7064715,4010
n12638218,4011
n3775071,4012
n12724942,4013
n9065557,4014
n14112855,4015
n8278169,4016
n6669864,4017
n13316722,4018
n4475,4019
n3787759,4020
n5260821,4021
n3716966,4022
n449295,4023
n2088364,4024
n14636392,4025
n10071332,4026
n14854581,4027
n5022457,4028
n7385249,4029
n2835271,4030
n14516743,4031
n9962789,4032
n6599788,4033
n10247044,4034
n2978881,4035
n7009946,4036
n13386614,4037
n2803809,4038
n3434188,4039
n9360122,4040
n7687469,4041
n4526241,4042
n3033986,4043
n3309465,4044
n1758757,4045
n2813544,4046
n8252211,4047
n5808794,4048
n415226,4049
n13489037,4050
n3905540,4051
n3683708,4052
n7572957,4053
n7283608,4054
n9435739,4055
n3719053,4056
n3470948,4057
n4405762,4058
n3982430,4059
n4767023,4060
n7588947,4061
n5261404,4062
n1015310,4063
n6471345,4064
n3007130,4065
n6536853,4066
n10794014,4067
n2990373,4068
n7144416,4069
n1101329,4070
n7800091,4071
n6422144,4072
n6304671,4073
n3020692,4074
n10155849,4075
n8573842,4076
n13801424,4077
n2804414,4078
n5547508,4079
n4307878,4080
n6495516,4081
n10555156,4082
n11076965,4083
n9851371,4084
n3986355,4085
n6801033,4086
n3975232,4087
n2687821,4088
n941604,4089
n10282672,4090
n949619,4091
n9429752,4092
n7985223,4093
n9542697,4094
n9902954,4095
n2689748,4096
n7264725,4097
n2891188,4098
n6578905,4099
n10522759,4100
n9903501,4101
n10141732,4102
n2811059,4103
n4139395,4104
n5758059,4105
n10532576,4106
n8612786,4107
n15169421,4108
n4515003,4109
n2790823,4110
n7880583,4111
n7682624,4112
n2331046,4113
n13948912,4114
n3101986,4115
n14321953,4116
n6263369,4117
n7926250,4118
n9441587,4119
n3769397,4120
n2787435,4121
n10641413,4122
n551508,4123
n15173479,4124
n3345658,4125
n3482405,4126
n4428191,4127
n2973558,4128
n7354731,4129
n5110185,4130
n3071782,4131
n7130341,4132
n8327816,4133
n503981,4134
n282050,4135
n5086269,4136
n9883047,4137
n3838899,4138
n7700003,4139
n3761084,4140
n3340581,4141
n3901074,4142
n4477966,4143
n8629922,4144
n14702875,4145
n2991555,4146
n8161971,4147
n13645010,4148
n4153025,4149
n9089923,4150
n12141495,4151
n2786984,4152
n13747606,4153
n9502481,4154
n4583212,4155
n7681926,4156
n7842753,4157
n14826173,4158
n7346772,4159
n13790712,4160
n3233905,4161
n7567390,4162
n7767847,4163
n10432441,4164
n3624966,4165
n15163797,4166
n9599023,4167
n2914991,4168
n1699831,4169
n7721325,4170
n6877578,4171
n293125,4172
n3717622,4173
n13767042,4174
n7308563,4175
n6629610,4176
n13376012,4177
n6635944,4178
n8558963,4179
n1063939,4180
n13250930,4181
n3303510,4182
n3797182,4183
n4477091,4184
n2380583,4185
n4402057,4186
n15239579,4187
n10224098,4188
n3345115,4189
n12020507,4190
n2812949,4191
n10098710,4192
n4442831,4193
n9326662,4194
n3704549,4195
n4119478,4196
n3141065,4197
n10143299,4198
n7887099,4199
n2087122,4200
n6268096,4201
n7663220,4202
n6381869,4203
n281291,4204
n10294139,4205
n1896561,4206
n60414,4207
n7471708,4208
n9599633,4209
n4601690,4210
n2729755,4211
n4229480,4212
n3345487,4213
n3127024,4214
n36762,4215
n6624161,4216
n3092166,4217
n14769465,4218
n3661180,4219
n8249336,4220
n13368900,4221
n7480521,4222
n3642444,4223
n13549488,4224
n6320801,4225
n13750297,4226
n15299097,4227
n11485774,4228
n8544125,4229
n14285662,4230
n2785648,4231
n5564323,4232
n12937678,4233
n10283037,4234
n6275634,4235
n2806992,4236
n7420770,4237
n4557872,4238
n4231575,4239
n13895549,4240
n7540602,4241
n2376791,4242
n2376542,4243
n13303315,4244
n747215,4245
n887081,4246
n1974773,4247
n5605498,4248
n9463226,4249
n107875,4250
n326094,4251
n5611302,4252
n2738859,4253
n10421470,4254
n8432149,4255
n3727946,4256
n4021028,4257
n10460806,4258
n10368920,4259
n6778925,4260
n1821076,4261
n14846779,4262
n923995,4263
n4540255,4264
n4923743,4265
n14949384,4266
n10080337,4267
n10864064,4268
n3827536,4269
n10427223,4270
n4429376,4271
n786195,4272
n3370260,4273
n15137890,4274
n9260907,4275
n3563967,4276
n3621049,4277
n3238131,4278
n7626721,4279
n10033225,4280
n9745132,4281
n4370288,4282
n2772700,4283
n4283378,4284
n3333349,4285
n3089879,4286
n6413020,4287
n883139,4288
n9877370,4289
n13253751,4290
n6630017,4291
n8309754,4292
n3746155,4293
n2472293,4294
n3774461,4295
n3034663,4296
n3061505,4297
n10922019,4298
n42757,4299
n7616487,4300
n8247561,4301
n7883860,4302
n13108545,4303
n13876371,4304
n5250659,4305
n2109047,4306
n6497459,4307
n9118505,4308
n7136940,4309
n5656537,4310
n3100240,4311
n1261293,4312
n3592245,4313
n9356639,4314
n10605510,4315
n15274305,4316
n2110185,4317
n2906438,4318
n13372403,4319
n7440240,4320
n7546465,4321
n7892512,4322
n6882009,4323
n7521674,4324
n10682953,4325
n4216963,4326
n3745146,4327
n9849598,4328
n11416988,4329
n3790953,4330
n10774329,4331
n13085113,4332
n3439064,4333
n4238321,4334
n4018951,4335
n12233529,4336
n2971167,4337
n6399995,4338
n5813822,4339
n8274718,4340
n6714552,4341
n5675601,4342
n318567,4343
n5934396,4344
n5932891,4345
n4559910,4346
n2783324,4347
n2916350,4348
n5154908,4349
n9744679,4350
n3832673,4351
n10101202,4352
n3299519,4353
n3825080,4354
n4486054,4355
n6579952,4356
n7916041,4357
n3526805,4358
n10397482,4359
n11390364,4360
n7145508,4361
n6279326,4362
n4357795,4363
n3383948,4364
n4240097,4365
n8547655,4366
n8162245,4367
n7129602,4368
n11409538,4369
n3145843,4370
n100253,4371
n2923129,4372
n2165456,4373
n7694659,4374
n1812337,4375
n7913180,4376
n715843,4377
n6878580,4378
n10475687,4379
n2386968,4380
n4461437,4381
n4961331,4382
n6597466,4383
n9452395,4384
n3057920,4385
n5175467,4386
n2894605,4387
n278555,4388
n4216860,4389
n7595914,4390
n10208847,4391
n10713502,4392
n13258167,4393
n10789820,4394
n842692,4395
n13702315,4396
n4134862,4397
n330035,4398
n211110,4399
n530018,4400
n2944146,4401
n14863521,4402
n14818101,4403
n2939185,4404
n4403413,4405
n10042300,4406
n4574234,4407
n7466108,4408
n5546040,4409
n6355894,4410
n14985383,4411
n11500570,4412
n14866889,4413
n7835331,4414
n9432430,4415
n9281104,4416
n13987423,4417
n5038593,4418
n11245110,4419
n15235126,4420
n2377181,4421
n13929037,4422
n12155583,4423
n4019541,4424
n9871681,4425
n8494987,4426
n10885603,4427
n13759558,4428
n10559192,4429
n10353598,4430
n11460281,4431
n6256697,4432
n10501203,4433
n14032737,4434
n13127473,4435
n9849012,4436
n9764381,4437
n7511080,4438
n4234670,4439
n7920052,4440
n7747055,4441
n3459775,4442
n3017428,4443
n3090278,4444
n1245159,4445
n14644654,4446
n3981924,4447
n4543772,4448
n3356559,4449
n7866015,4450
n5767733,4451
n7503260,4452
n6978180,4453
n7934282,4454
n122661,4455
n7647870,4456
n10492894,4457
n14445379,4458
n7470545,4459
n15104752,4460
n2920369,4461
n893955,4462
n3958752,4463
n2926426,4464
n4548503,4465
n3641569,4466
n15143477,4467
n3231912,4468
n3844459,4469
n7375525,4470
n15255804,4471
n10708976,4472
n10886929,4473
n8750334,4474
n3567066,4475
n6513366,4476
n13646557,4477
n5032565,4478
n10252547,4479
n8473623,4480
n13252853,4481
n13879320,4482
n3778302,4483
n3368141,4484
n4236377,4485
n7176499,4486
n9804806,4487
n391599,4488
n6845199,4489
n3502200,4490
n14977188,4491
n6055300,4492
n1482330,4493
n9939313,4494
n9858165,4495
n3873064,4496
n3218198,4497
n7966140,4498
n14857497,4499
n13163991,4500
n6874571,4501
n4111531,4502
n7822197,4503
n9906704,4504
n2395003,4505
n8682389,4506
n12268246,4507
n8778401,4508
n7865105,4509
n3103682,4510
n1613294,4511
n14890286,4512
n2919890,4513
n3947111,4514
n2842008,4515
n8614746,4516
n4205505,4517
n7041595,4518
n8543625,4519
n3438257,4520
n11295196,4521
n2871525,4522
n6687883,4523
n13900760,4524
n4045644,4525
n11288528,4526
n9062015,4527
n13416241,4528
n7805594,4529
n13149506,4530
n3059103,4531
n4419073,4532
n10195593,4533
n3815615,4534
n10609556,4535
n10194341,4536
n4121511,4537
n4039742,4538
n9060768,4539
n3449564,4540
n4723816,4541
n10049363,4542
n9337048,4543
n14864360,4544
n7775197,4545
n3240892,4546
n46344,4547
n7848338,4548
n8678615,4549
n9305898,4550
n13001041,4551
n10079399,4552
n13570236,4553
n11525303,4554
n11464143,4555
n9793495,4556
n6627938,4557
n4558199,4558
n10345015,4559
n13904506,4560
n4185804,4561
n39021,4562
n9790482,4563
n5003850,4564
n5775293,4565
n7869775,4566
n1986806,4567
n378069,4568
n585174,4569
n4258618,4570
n4137217,4571
n7613815,4572
n3556173,4573
n9661107,4574
n4395875,4575
n10681383,4576
n13395897,4577
n10524413,4578
n7545161,4579
n4140631,4580
n9984298,4581
n6763681,4582
n3337383,4583
n3368637,4584
n3224893,4585
n3118245,4586
n3121431,4587
n9445910,4588
n9867956,4589
n2814338,4590
n8801678,4591
n8521623,4592
n5944958,4593
n2480495,4594
n2470325,4595
n3783430,4596
n6883956,4597
n3281673,4598
n4224842,4599
n8249459,4600
n4587559,4601
n4095210,4602
n14523090,4603
n6875697,4604
n10268505,4605
n4229816,4606
n3090000,4607
n202284,4608
n10475297,4609
n10417168,4610
n4020744,4611
n7060167,4612
n9217414,4613
n188934,4614
n6269130,4615
n4317175,4616
n4200800,4617
n974762,4618
n4453298,4619
n731947,4620
n8235076,4621
n3916031,4622
n5269901,4623
n4058239,4624
n4186268,4625
n9094381,4626
n7468692,4627
n7472460,4628
n7607492,4629
n4162706,4630
n4233295,4631
n5898171,4632
n14332085,4633
n7963087,4634
n6422740,4635
n13333833,4636
n3440512,4637
n12023407,4638
n13642000,4639
n4227900,4640
n2699629,4641
n15072857,4642
n13720096,4643
n8596214,4644
n11501737,4645
n1228877,4646
n4523690,4647
n240938,4648
n572489,4649
n2439929,4650
n3051249,4651
n545059,4652
n4196502,4653
n12844939,4654
n2212811,4655
n2965300,4656
n8547544,4657
n3429288,4658
n13439088,4659
n14976871,4660
n11641494,4661
n14065412,4662
n4221424,4663
n10291580,4664
n1069980,4665
n935247,4666
n8580011,4667
n3920288,4668
n10187130,4669
n6316048,4670
n3522863,4671
n13495873,4672
n7511906,4673
n2611898,4674
n10507482,4675
n15260964,4676
n9622928,4677
n14254570,4678
n10412784,4679
n2977058,4680
n13246079,4681
n9117351,4682
n9555236,4683
n6634239,4684
n10943256,4685
n2311879,4686
n13963970,4687
n7467393,4688
n14976001,4689
n3471473,4690
n15183428,4691
n3018349,4692
n7582277,4693
n13931889,4694
n8937251,4695
n11441980,4696
n14992287,4697
n3515500,4698
n14915928,4699
n8569319,4700
n3896233,4701
n9845737,4702
n15234764,4703
n7467846,4704
n4425804,4705
n9920901,4706
n8736107,4707
n3735637,4708
n13750844,4709
n3487774,4710
n571609,4711
n6964901,4712
n7880968,4713
n3720891,4714
n9269882,4715
n11678010,4716
n13139647,4717
n14139462,4718
n13999663,4719
n4227370,4720
n3797896,4721
n4210120,4722
n9466678,4723
n10522035,4724
n8406619,4725
n3279153,4726
n10187491,4727
n13723712,4728
n11268883,4729
n10390427,4730
n12300840,4731
n2690373,4732
n9883740,4733
n14648100,4734
n3430418,4735
n9259677,4736
n9991867,4737
n10131815,4738
n7574176,4739
n14409489,4740
n7968354,4741
n15075141,4742
n7543288,4743
n9942431,4744
n4598792,4745
n9287968,4746
n4134523,4747
n13874384,4748
n4509260,4749
n566690,4750
n12387633,4751
n12303462,4752
n10697420,4753
n9141526,4754
n9503282,4755
n3067912,4756
n1877134,4757
n15117621,4758
n4332074,4759
n6344461,4760
n3291819,4761
n977551,4762
n4064107,4763
n3438071,4764
n4508489,4765
n13768064,4766
n4508804,4767
n3977678,4768
n9489601,4769
n5595083,4770
n11301809,4771
n4068441,4772
n3270579,4773
n115500,4774
n8253815,4775
n10042074,4776
n4315713,4777
n13883346,4778
n417397,4779
n3764276,4780
n9875663,4781
n4121142,4782
n2986757,4783
n10221312,4784
n6377442,4785
n4595855,4786
n11462526,4787
n3309110,4788
n338994,4789
n4058096,4790
n8888676,4791
n10336234,4792
n14415518,4793
n8226514,4794
n111358,4795
n2694966,4796
n3211616,4797
n14999614,4798
n4589890,4799
n5553288,4800
n6199702,4801
n7442288,4802
n14857737,4803
n4606358,4804
n1211019,4805
n3321563,4806
n4173907,4807
n3087069,4808
n11136973,4809
n13108481,4810
n63559,4811
n3545470,4812
n3229244,4813
n8184600,4814
n8650677,4815
n3908831,4816
n9834378,4817
n9330378,4818
n4322924,4819
n3421324,4820
n5954481,4821
n7645469,4822
n7673145,4823
n14966667,4824
n3101156,4825
n3003730,4826
n3307274,4827
n3259505,4828
n2757462,4829
n6503724,4830
n3444034,4831
n802238,4832
n9586442,4833
n3346004,4834
n14514039,4835
n3496296,4836
n10280674,4837
n14359174,4838
n8305942,4839
n482122,4840
n188766,4841
n643943,4842
n7231728,4843
n4150980,4844
n13762717,4845
n6866599,4846
n8435024,4847
n345817,4848
n10306181,4849
n15047313,4850
n14883206,4851
n13847124,4852
n10081842,4853
n12310349,4854
n2807616,4855
n10464178,4856
n13987905,4857
n10407954,4858
n8570402,4859
n7702362,4860
n10132035,4861
n3079136,4862
n9064861,4863
n4486718,4864
n4022866,4865
n8586825,4866
n4389854,4867
n11339534,4868
n6988057,4869
n9818343,4870
n7449316,4871
n10165109,4872
n14447908,4873
n13323749,4874
n3835298,4875
n3736970,4876
n3111564,4877
n8253640,4878
n2740533,4879
n3541696,4880
n10238375,4881
n4241394,4882
n3493664,4883
n9826605,4884
n9861946,4885
n14917635,4886
n7643981,4887
n11283300,4888
n312932,4889
n4589190,4890
n6893565,4891
n7579575,4892
n7211752,4893
n13099833,4894
n11380655,4895
n4160372,4896
n3119510,4897
n8213205,4898
n3160309,4899
n9641578,4900
n3650173,4901
n10439727,4902
n13823287,4903
n111660,4904
n4044119,4905
n15121625,4906
n1065687,4907
n541479,4908
n7011075,4909
n14891988,4910
n3663781,4911
n3393912,4912
n9269472,4913
n5670710,4914
n310666,4915
n2934451,4916
n4019101,4917
n8255660,4918
n3225108,4919
n7960384,4920
n13513362,4921
n6821770,4922
n4369282,4923
n2974003,4924
n3558633,4925
n10272913,4926
n521450,4927
n9057311,4928
n10007809,4929
n6063588,4930
n3450734,4931
n7056504,4932
n15237250,4933
n10747815,4934
n8192361,4935
n2762044,4936
n567418,4937
n9960688,4938
n3439814,4939
n567896,4940
n4209613,4941
n5669034,4942
n7376257,4943
n7922764,4944
n7920349,4945
n7269916,4946
n10530677,4947
n505126,4948
n10384772,4949
n81836,4950
n6724763,4951
n12651821,4952
n12633638,4953
n14776804,4954
n8672073,4955
n10596689,4956
n6593296,4957
n15215816,4958
n7727868,4959
n4536595,4960
n3535284,4961
n4545858,4962
n13564910,4963
n2839351,4964
n3982232,4965
n60817,4966
n4008634,4967
n3491178,4968
n12401335,4969
n7162194,4970
n10583387,4971
n3195659,4972
n7533877,4973
n15049594,4974
n10116478,4975
n4525191,4976
n15006258,4977
n6589574,4978
n11164058,4979
n3571280,4980
n14449126,4981
n565219,4982
n2115335,4983
n2114100,4984
n9851465,4985
n11230021,4986
n2843276,4987
n10200365,4988
n249987,4989
n1257418,4990
n2671780,4991
n10707804,4992
n5579944,4993
n8192817,4994
n9938449,4995
n3165466,4996
n13748622,4997
n3691459,4998
n4312432,4999
n4128837,5000
n1621127,5001
n13374008,5002
n2706806,5003
n5020981,5004
n292981,5005
n10991165,5006
n2106854,5007
n10727818,5008
n9839436,5009
n2915904,5010
n3036866,5011
n11449907,5012
n8074421,5013
n5405324,5014
n5155821,5015
n8932568,5016
n11067047,5017
n8412749,5018
n777324,5019
n1465713,5020
n5559023,5021
n11842204,5022
n5567727,5023
n3877351,5024
n9853881,5025
n10667187,5026
n2864593,5027
n13447361,5028
n8482700,5029
n4266660,5030
n8248747,5031
n8248856,5032
n3150232,5033
n4258982,5034
n10094782,5035
n13278375,5036
n3487963,5037
n9981834,5038
n9436531,5039
n3810561,5040
n4569205,5041
n312403,5042
n8614632,5043
n8121117,5044
n10540984,5045
n4211528,5046
n11502102,5047
n6720784,5048
n6285090,5049
n5176082,5050
n13681048,5051
n15141059,5052
n15121406,5053
n115036,5054
n10467395,5055
n4653627,5056
n9836160,5057
n4071102,5058
n511041,5059
n3250588,5060
n4255899,5061
n9462773,5062
n5832745,5063
n10231515,5064
n10541229,5065
n3282591,5066
n3547397,5067
n15143726,5068
n128867,5069
n7677982,5070
n2898369,5071
n522145,5072
n4541987,5073
n10760340,5074
n548326,5075
n10726031,5076
n2129463,5077
n2421449,5078
n14758842,5079
n3454885,5080
n4369618,5081
n7991272,5082
n7928696,5083
n11161412,5084
n6518068,5085
n7325190,5086
n3436182,5087
n3610098,5088
n8980119,5089
n2439033,5090
n7450463,5091
n8081244,5092
n13244109,5093
n13371958,5094
n6761994,5095
n1179167,5096
n15097849,5097
n7173585,5098
n9294877,5099
n15137295,5100
n4559994,5101
n1323781,5102
n4113406,5103
n6452223,5104
n3631445,5105
n7379094,5106
n8640111,5107
n3253516,5108
n2887079,5109
n10690538,5110
n9843716,5111
n10178216,5112
n9874118,5113
n3225238,5114
n6667317,5115
n8627919,5116
n3886432,5117
n8223688,5118
n10636598,5119
n3337140,5120
n10635788,5121
n2786058,5122
n8223802,5123
n11798978,5124
n5024254,5125
n13925550,5126
n7455760,5127
n15100644,5128
n5387544,5129
n9190918,5130
n8572467,5131
n14265350,5132
n8187033,5133
n331950,5134
n1539573,5135
n4637444,5136
n2675987,5137
n6276287,5138
n4130143,5139
n10909471,5140
n3143131,5141
n3888605,5142
n9122779,5143
n9446115,5144
n1847806,5145
n11131358,5146
n432689,5147
n8838319,5148
n2814533,5149
n10927104,5150
n9259025,5151
n8698379,5152
n7725376,5153
n2123242,5154
n2121808,5155
n14010927,5156
n9111955,5157
n10122645,5158
n6879180,5159
n3836062,5160
n7810907,5161
n7858978,5162
n6590065,5163
n3080497,5164
n717640,5165
n9245515,5166
n5029706,5167
n11547855,5168
n6892657,5169
n13296899,5170
n545501,5171
n4415257,5172
n8462320,5173
n9063477,5174
n11179502,5175
n8805953,5176
n13252513,5177
n13777098,5178
n3369011,5179
n8986374,5180
n389953,5181
n10629939,5182
n15100112,5183
n2122580,5184
n7000195,5185
n4310018,5186
n11203059,5187
n476235,5188
n5715150,5189
n7082573,5190
n9586994,5191
n10320863,5192
n4524142,5193
n13314936,5194
n2889425,5195
n7690273,5196
n15021085,5197
n9294413,5198
n3272940,5199
n9080006,5200
n9070793,5201
n3369866,5202
n5941423,5203
n13154494,5204
n9881358,5205
n4200637,5206
n7921360,5207
n4133648,5208
n1017701,5209
n8562757,5210
n6491371,5211
n5768553,5212
n8684191,5213
n6453849,5214
n9002814,5215
n13370938,5216
n10582604,5217
n7491476,5218
n11523369,5219
n6415791,5220
n9683757,5221
n9138239,5222
n9968259,5223
n13506477,5224
n3789946,5225
n3688405,5226
n11242596,5227
n445055,5228
n1888411,5229
n9953775,5230
n3751065,5231
n3622839,5232
n7451687,5233
n3998333,5234
n5810561,5235
n322634,5236
n1128137,5237
n3155178,5238
n8439126,5239
n7392483,5240
n3620600,5241
n10603851,5242
n247442,5243
n10789963,5244
n2738535,5245
n9386842,5246
n13702531,5247
n2946348,5248
n1118495,5249
n4439712,5250
n2700767,5251
n3879582,5252
n1325658,5253
n2978055,5254
n7120524,5255
n623862,5256
n125126,5257
n10271216,5258
n4247736,5259
n219012,5260
n6770275,5261
n5905348,5262
n3141702,5263
n14646152,5264
n15294745,5265
n9540430,5266
n2817799,5267
n9926246,5268
n13491464,5269
n10177150,5270
n4227144,5271
n4478512,5272
n4475411,5273
n110057,5274
n3444942,5275
n10875910,5276
n8054613,5277
n10098862,5278
n3697265,5279
n4209383,5280
n13658027,5281
n3384352,5282
n4346679,5283
n9069862,5284
n10036802,5285
n11527967,5286
n4683814,5287
n3693474,5288
n15119072,5289
n9903153,5290
n9439032,5291
n9824978,5292
n7019172,5293
n3036469,5294
n7290144,5295
n4185529,5296
n3918737,5297
n12160857,5298
n12165384,5299
n12159804,5300
n13726074,5301
n4673965,5302
n5027135,5303
n4404997,5304
n14548343,5305
n12155009,5306
n3180969,5307
n6418901,5308
n12197211,5309
n3029445,5310
n909281,5311
n8928193,5312
n7290278,5313
n10640620,5314
n9376526,5315
n483205,5316
n6023969,5317
n13773906,5318
n7599998,5319
n13993685,5320
n7638317,5321
n3101796,5322
n7928790,5323
n10752093,5324
n8417801,5325
n4453390,5326
n13366311,5327
n815320,5328
n2900160,5329
n10114384,5330
n10514121,5331
n14638517,5332
n2942577,5333
n129435,5334
n1874928,5335
n2137549,5336
n570854,5337
n1077350,5338
n4371979,5339
n4489817,5340
n10321474,5341
n3520399,5342
n2781121,5343
n15142167,5344
n14716997,5345
n7804657,5346
n10415037,5347
n13269054,5348
n9859152,5349
n450335,5350
n11429968,5351
n4294879,5352
n307455,5353
n4271640,5354
n506658,5355
n3246312,5356
n10738111,5357
n6631921,5358
n9078231,5359
n13164970,5360
n936456,5361
n2835915,5362
n14174549,5363
n10407552,5364
n13762305,5365
n15213406,5366
n10231087,5367
n5549830,5368
n7219751,5369
n10319796,5370
n5942888,5371
n3088580,5372
n2835724,5373
n459284,5374
n4033901,5375
n13748763,5376
n3505207,5377
n5584390,5378
n2866106,5379
n5907682,5380
n1085098,5381
n9848775,5382
n2823750,5383
n11314666,5384
n2942349,5385
n2106550,5386
n4449449,5387
n7704428,5388
n4395201,5389
n11447851,5390
n10486349,5391
n3725968,5392
n129089,5393
n9883174,5394
n7648814,5395
n13719102,5396
n2830157,5397
n7713074,5398
n2156140,5399
n3937543,5400
n10280130,5401
n15138401,5402
n2183857,5403
n13764342,5404
n7035747,5405
n5916739,5406
n10732010,5407
n13350976,5408
n10220360,5409
n4073208,5410
n5943300,5411
n5168261,5412
n2085374,5413
n7773428,5414
n2964196,5415
n4189482,5416
n11043980,5417
n1844917,5418
n10305062,5419
n3124043,5420
n15048888,5421
n15163979,5422
n9110939,5423
n3096960,5424
n3098959,5425
n4039848,5426
n6675122,5427
n3702719,5428
n1043333,5429
n6992929,5430
n3425595,5431
n13674890,5432
n3637318,5433
n8674739,5434
n569073,5435
n8216176,5436
n14441825,5437
n5261088,5438
n14759275,5439
n9940146,5440
n5521514,5441
n1464844,5442
n8582837,5443
n6269014,5444
n7318476,5445
n2823030,5446
n9218315,5447
n4594828,5448
n10221956,5449
n5197232,5450
n3484576,5451
n14688500,5452
n3367059,5453
n10589140,5454
n5820170,5455
n4209239,5456
n9713501,5457
n3963198,5458
n6501141,5459
n10790192,5460
n14538472,5461
n8049401,5462
n3378593,5463
n88481,5464
n3124590,5465
n265119,5466
n6874837,5467
n4426427,5468
n4538552,5469
n7144834,5470
n3430313,5471
n13931145,5472
n141669,5473
n10137367,5474
n10199489,5475
n4220250,5476
n120010,5477
n3885669,5478
n7917618,5479
n507673,5480
n12274863,5481
n3673270,5482
n8663703,5483
n7693048,5484
n13485270,5485
n309368,5486
n8223263,5487
n10199251,5488
n3089014,5489
n7062697,5490
n9795334,5491
n3941684,5492
n5638987,5493
n10358889,5494
n13888783,5495
n9985075,5496
n6430385,5497
n6673142,5498
n13512506,5499
n13875571,5500
n3577818,5501
n73828,5502
n9686536,5503
n15289779,5504
n8518940,5505
n5846054,5506
n3610524,5507
n10252921,5508
n13749527,5509
n7560193,5510
n9099526,5511
n10682713,5512
n10623354,5513
n3182506,5514
n1403457,5515
n15173353,5516
n10734394,5517
n449054,5518
n4131208,5519
n15241898,5520
n7889510,5521
n10833595,5522
n13154736,5523
n3018971,5524
n4052442,5525
n15091846,5526
n4560292,5527
n8640531,5528
n1091905,5529
n1322343,5530
n2683323,5531
n4309049,5532
n4295571,5533
n2943241,5534
n14988741,5535
n9718217,5536
n14056280,5537
n1784675,5538
n2094433,5539
n2404432,5540
n1233156,5541
n7458892,5542
n2847631,5543
n8838556,5544
n3690938,5545
n4265428,5546
n4509985,5547
n6845599,5548
n7744811,5549
n6520222,5550
n3887697,5551
n7281099,5552
n9416570,5553
n10554243,5554
n6878934,5555
n2693070,5556
n10780105,5557
n2867267,5558
n5995220,5559
n7531255,5560
n3610992,5561
n2766168,5562
n6453324,5563
n2869249,5564
n310516,5565
n13439390,5566
n10548681,5567
n3158885,5568
n9242389,5569
n3241093,5570
n7601572,5571
n9116876,5572
n11495041,5573
n4561734,5574
n15165289,5575
n5790242,5576
n10488309,5577
n12561038,5578
n4975122,5579
n7600285,5580
n8400772,5581
n2097298,5582
n10023264,5583
n6265475,5584
n9089139,5585
n5845140,5586
n440218,5587
n14323683,5588
n4562935,5589
n2099712,5590
n8703035,5591
n5620050,5592
n9050730,5593
n5660268,5594
n3062015,5595
n4216106,5596
n3620052,5597
n3378174,5598
n7594250,5599
n1055165,5600
n4417672,5601
n10183931,5602
n7976420,5603
n3080309,5604
n13747725,5605
n3665366,5606
n8101937,5607
n5678855,5608
n6893441,5609
n4255768,5610
n10605985,5611
n3249342,5612
n6421301,5613
n4310157,5614
n10538853,5615
n7543910,5616
n909899,5617
n9264599,5618
n7468534,5619
n366521,5620
n4037964,5621
n3977592,5622
n4091097,5623
n9972458,5624
n10421016,5625
n7933154,5626
n7946288,5627
n439484,5628
n10592152,5629
n12835331,5630
n9733243,5631
n13388245,5632
n15258694,5633
n11753700,5634
n4379096,5635
n4251144,5636
n4446521,5637
n13354021,5638
n6000644,5639
n2703275,5640
n10095664,5641
n3894379,5642
n10594043,5643
n14449405,5644
n10453184,5645
n15261868,5646
n3790230,5647
n7510184,5648
n7860447,5649
n5585205,5650
n10140783,5651
n5633385,5652
n9014979,5653
n199707,5654
n7444668,5655
n7059626,5656
n10631941,5657
n501304,5658
n4372370,5659
n248368,5660
n3085915,5661
n3789171,5662
n10150415,5663
n7647321,5664
n9977178,5665
n4850117,5666
n9544109,5667
n3864692,5668
n299680,5669
n3942813,5670
n4234455,5671
n8833295,5672
n8282542,5673
n2496913,5674
n13747348,5675
n3128085,5676
n8929922,5677
n4968749,5678
n10720097,5679
n4079933,5680
n10989610,5681
n3885904,5682
n5567117,5683
n3408444,5684
n4262161,5685
n6278136,5686
n3712729,5687
n1051331,5688
n243918,5689
n2437616,5690
n10243664,5691
n6202296,5692
n6905680,5693
n4337287,5694
n1529672,5695
n2324587,5696
n9981365,5697
n4612026,5698
n13919547,5699
n10264120,5700
n4324910,5701
n9867437,5702
n3319745,5703
n9198106,5704
n7126734,5705
n10444194,5706
n7092592,5707
n7947958,5708
n9972157,5709
n3646296,5710
n7783210,5711
n4878101,5712
n8310949,5713
n8381436,5714
n8571139,5715
n9025189,5716
n9711661,5717
n8579134,5718
n14631295,5719
n4461696,5720
n9813441,5721
n13385913,5722
n4228581,5723
n8621393,5724
n3350204,5725
n1586941,5726
n10638734,5727
n10396727,5728
n11515325,5729
n2422699,5730
n7668702,5731
n10918119,5732
n8369406,5733
n11196208,5734
n1032040,5735
n10407310,5736
n9730383,5737
n1686044,5738
n3045698,5739
n2389779,5740
n3865371,5741
n5395286,5742
n9275473,5743
n3528100,5744
n3077616,5745
n2709908,5746
n7874995,5747
n13976322,5748
n2800213,5749
n13766337,5750
n12421683,5751
n4304215,5752
n6559004,5753
n4716864,5754
n3670456,5755
n9070487,5756
n8047747,5757
n4285146,5758
n2134084,5759
n15048748,5760
n6084469,5761
n10588965,5762
n533922,5763
n13649791,5764
n3914438,5765
n2093056,5766
n796315,5767
n5556472,5768
n5800611,5769
n636921,5770
n770543,5771
n2871963,5772
n1133281,5773
n10104209,5774
n10102800,5775
n1604330,5776
n3134118,5777
n4418644,5778
n3701947,5779
n4298906,5780
n4169935,5781
n5515670,5782
n6795746,5783
n3066606,5784
n10954498,5785
n3854815,5786
n4602762,5787
n3347338,5788
n2682922,5789
n3186696,5790
n6505705,5791
n8370505,5792
n9889170,5793
n13249699,5794
n7177924,5795
n8819883,5796
n8403225,5797
n3026506,5798
n5530429,5799
n4689660,5800
n3351434,5801
n14493613,5802
n2828299,5803
n4681230,5804
n7457485,5805
n127531,5806
n4217882,5807
n250259,5808
n8114287,5809
n635850,5810
n14415072,5811
n5775081,5812
n4617562,5813
n10270878,5814
n2709637,5815
n9936620,5816
n3733805,5817
n8428383,5818
n4252653,5819
n4744814,5820
n3863923,5821
n7722485,5822
n14898470,5823
n571283,5824
n3955296,5825
n14991927,5826
n5938400,5827
n3361550,5828
n11191475,5829
n4820258,5830
n10715789,5831
n15268993,5832
n4426618,5833
n10598749,5834
n3632852,5835
n3445617,5836
n9454412,5837
n10720453,5838
n14930989,5839
n10324357,5840
n3340723,5841
n7663899,5842
n10728624,5843
n4597536,5844
n7457311,5845
n3042697,5846
n10317007,5847
n7806043,5848
n486130,5849
n13850148,5850
n5551711,5851
n7495551,5852
n3628728,5853
n5715283,5854
n3550916,5855
n9073938,5856
n10508710,5857
n4232800,5858
n8417572,5859
n496167,5860
n14500567,5861
n2948557,5862
n2681518,5863
n8585447,5864
n2146201,5865
n61014,5866
n11484975,5867
n10267719,5868
n13749146,5869
n7262942,5870
n10648033,5871
n7838073,5872
n6396812,5873
n3877229,5874
n8496477,5875
n3773504,5876
n2956500,5877
n2945594,5878
n8910668,5879
n965404,5880
n9786585,5881
n947128,5882
n4316498,5883
n9095751,5884
n483605,5885
n6616806,5886
n4347119,5887
n485262,5888
n3078506,5889
n6805826,5890
n5577741,5891
n3977966,5892
n7302542,5893
n9029457,5894
n10129464,5895
n4061681,5896
n3796401,5897
n6081833,5898
n10076033,5899
n2703692,5900
n903559,5901
n7887461,5902
n9300483,5903
n2893418,5904
n4248607,5905
n7670328,5906
n3136369,5907
n4109335,5908
n10130686,5909
n3326795,5910
n528397,5911
n11385611,5912
n6355705,5913
n10011785,5914
n239230,5915
n752954,5916
n6257909,5917
n8470928,5918
n10773394,5919
n11440012,5920
n5011790,5921
n14991712,5922
n2791124,5923
n4590129,5924
n2100236,5925
n4462318,5926
n2866578,5927
n3191029,5928
n4119892,5929
n3929091,5930
n4060647,5931
n341243,5932
n4089666,5933
n926668,5934
n6283459,5935
n3464467,5936
n9602610,5937
n14446652,5938
n7496463,5939
n3742019,5940
n9732778,5941
n6828389,5942
n5262802,5943
n5611684,5944
n2835412,5945
n8255508,5946
n8076253,5947
n789391,5948
n3421117,5949
n14540765,5950
n11691332,5951
n9605110,5952
n4601473,5953
n3985232,5954
n9229409,5955
n4398044,5956
n6267893,5957
n5597436,5958
n6785654,5959
n11135797,5960
n10386618,5961
n11433435,5962
n6692572,5963
n406114,5964
n13870680,5965
n8820121,5966
n5917994,5967
n9084483,5968
n10791115,5969
n4120489,5970
n8549480,5971
n444490,5972
n5943066,5973
n7043824,5974
n10293502,5975
n9985470,5976
n826789,5977
n5835747,5978
n11839167,5979
n10767020,5980
n4482975,5981
n3238586,5982
n1229549,5983
n9445435,5984
n9153570,5985
n2387346,5986
n725152,5987
n10245863,5988
n2859084,5989
n3596787,5990
n11524324,5991
n7357388,5992
n4592465,5993
n4380801,5994
n8482113,5995
n458800,5996
n4381860,5997
n148836,5998
n13266892,5999
n2935387,6000
n303495,6001
n4132603,6002
n9284589,6003
n15228378,6004
n3035252,6005
n10171219,6006
n5677340,6007
n10493419,6008
n9860248,6009
n4555700,6010
n3793186,6011
n14516082,6012
n7664121,6013
n10050712,6014
n6836381,6015
n4267165,6016
n4963740,6017
n9968845,6018
n8979054,6019
n6156968,6020
n10936716,6021
n4011827,6022
n3332271,6023
n8489765,6024
n9915834,6025
n5622196,6026
n4640538,6027
n1028082,6028
n2007558,6029
n7340895,6030
n7242104,6031
n464651,6032
n2102318,6033
n13770635,6034
n12037691,6035
n4266375,6036
n6413459,6037
n7929351,6038
n13421832,6039
n6833663,6040
n2971691,6041
n7970406,6042
n7232275,6043
n10644598,6044
n4586225,6045
n10570019,6046
n3222516,6047
n10666846,6048
n7927197,6049
n10768391,6050
n12306717,6051
n2732827,6052
n2360282,6053
n126584,6054
n5567604,6055
n11040024,6056
n11959632,6057
n6747484,6058
n13129165,6059
n3692942,6060
n10691148,6061
n7534430,6062
n4447861,6063
n941140,6064
n843128,6065
n3676006,6066
n3544238,6067
n14640434,6068
n14322699,6069
n8516584,6070
n2685365,6071
n10037922,6072
n6747670,6073
n7474185,6074
n2395694,6075
n10311021,6076
n3835197,6077
n2152740,6078
n6963951,6079
n9636106,6080
n4319432,6081
n9609746,6082
n7493280,6083
n6354774,6084
n566135,6085
n13834399,6086
n13395799,6087
n326809,6088
n2476736,6089
n10205457,6090
n3032158,6091
n9907196,6092
n9410928,6093
n13920012,6094
n9839702,6095
n6143154,6096
n607542,6097
n10001217,6098
n7859583,6099
n10737964,6100
n15150618,6101
n3079230,6102
n7035870,6103
n15074962,6104
n456563,6105
n9273130,6106
n2128925,6107
n1639765,6108
n14363483,6109
n14600927,6110
n5805157,6111
n8152787,6112
n10189179,6113
n9121334,6114
n8512259,6115
n7738760,6116
n11808468,6117
n3566193,6118
n1233397,6119
n4599396,6120
n13374161,6121
n11487424,6122
n4186848,6123
n3125729,6124
n1107549,6125
n13694367,6126
n2823586,6127
n5030680,6128
n108181,6129
n7920222,6130
n3460147,6131
n10660250,6132
n11793779,6133
n1172441,6134
n7660065,6135
n13475538,6136
n115292,6137
n2804610,6138
n3254862,6139
n7721018,6140
n7720875,6141
n9065328,6142
n6203472,6143
n9859975,6144
n14458181,6145
n6877742,6146
n7131511,6147
n9477037,6148
n13125117,6149
n14437976,6150
n4508163,6151
n5695806,6152
n4524833,6153
n14706026,6154
n4569338,6155
n3129001,6156
n4748836,6157
n625858,6158
n9951524,6159
n13957601,6160
n11537506,6161
n802629,6162
n5597734,6163
n8087776,6164
n3572321,6165
n3567912,6166
n9841515,6167
n1517966,6168
n10278263,6169
n10523519,6170
n7637292,6171
n6678506,6172
n4232153,6173
n11154646,6174
n2100877,6175
n6949591,6176
n1787835,6177
n6865345,6178
n4609651,6179
n7378234,6180
n5851330,6181
n2979516,6182
n11161228,6183
n8822855,6184
n3397532,6185
n3652530,6186
n5920272,6187
n13920835,6188
n10267561,6189
n8254627,6190
n5832264,6191
n6821581,6192
n4263336,6193
n13810141,6194
n7491708,6195
n10817935,6196
n9697986,6197
n5946687,6198
n4827957,6199
n3274265,6200
n2919792,6201
n7420991,6202
n4471315,6203
n418903,6204
n4127395,6205
n11385442,6206
n9681351,6207
n8358492,6208
n3127747,6209
n9532214,6210
n9433134,6211
n2803934,6212
n9009372,6213
n8256229,6214
n962567,6215
n4315948,6216
n13747469,6217
n10060352,6218
n7240417,6219
n5638486,6220
n8231184,6221
n5107765,6222
n4489008,6223
n11497888,6224
n9880189,6225
n5036237,6226
n15104598,6227
n5817845,6228
n7399829,6229
n13712689,6230
n10339717,6231
n7560331,6232
n4155310,6233
n4023962,6234
n9627906,6235
n2746978,6236
n3150511,6237
n2739427,6238
n10513938,6239
n3902972,6240
n513401,6241
n14285113,6242
n10435251,6243
n14436875,6244
n9060280,6245
n1572489,6246
n3740161,6247
n2824058,6248
n9163192,6249
n2960690,6250
n3359950,6251
n3541923,6252
n7540424,6253
n3674591,6254
n504660,6255
n26192,6256
n10732967,6257
n13413016,6258
n10710509,6259
n13583030,6260
n3090172,6261
n14628920,6262
n15097017,6263
n2125311,6264
n7880751,6265
n9913824,6266
n1498041,6267
n9083390,6268
n3680355,6269
n4220523,6270
n1641739,6271
n10239619,6272
n7464568,6273
n2994219,6274
n3207835,6275
n6487260,6276
n7223170,6277
n7978170,6278
n11852148,6279
n8210982,6280
n10511069,6281
n10695555,6282
n12426248,6283
n10188715,6284
n14451189,6285
n2731629,6286
n7594406,6287
n2052204,6288
n3357716,6289
n8231999,6290
n1317089,6291
n2925666,6292
n13911517,6293
n5901508,6294
n8054076,6295
n11877646,6296
n4558578,6297
n10640327,6298
n10224578,6299
n183505,6300
n4303497,6301
n13671310,6302
n10057714,6303
n1974055,6304
n10254965,6305
n8437317,6306
n3506370,6307
n3488438,6308
n3845360,6309
n2098806,6310
n6856487,6311
n10629647,6312
n9718936,6313
n7697825,6314
n3916581,6315
n2692086,6316
n6345993,6317
n6612649,6318
n3946325,6319
n8798771,6320
n6205018,6321
n2749479,6322
n5907251,6323
n6938493,6324
n10347593,6325
n2812201,6326
n5671842,6327
n10676877,6328
n6882333,6329
n2115641,6330
n10086568,6331
n9617577,6332
n7368877,6333
n10400108,6334
n8588699,6335
n7268967,6336
n1176431,6337
n9977660,6338
n4613015,6339
n8982587,6340
n1153548,6341
n10384392,6342
n1792042,6343
n5799212,6344
n6893885,6345
n7468861,6346
n7632980,6347
n2686227,6348
n9488584,6349
n2966545,6350
n124880,6351
n7445896,6352
n7719330,6353
n12132754,6354
n3538406,6355
n4394821,6356
n2002075,6357
n7459523,6358
n14837364,6359
n8425888,6360
n3870105,6361
n2687992,6362
n7695878,6363
n7002146,6364
n13760980,6365
n9539517,6366
n2430830,6367
n2423022,6368
n1109687,6369
n12214245,6370
n4347754,6371
n10749715,6372
n4467665,6373
n8677250,6374
n13776854,6375
n12928819,6376
n7407272,6377
n3996145,6378
n4480415,6379
n9468237,6380
oov,6380
Pad,6381
